-2.382215277967871803e-01,9.712108440983165947e-01
-1.129971143770435726e-01,9.935953160831936248e-01
2.908261582583240856e-01,9.567759119421351821e-01
3.019813959219636579e-01,9.533138184863483300e-01
8.691812722707570327e-02,9.962154582013561521e-01
-3.224129401719098842e-02,9.994801143394985710e-01
6.718149384897719179e-01,7.407190347371828132e-01
4.446341491830028136e-01,-8.957122715360704701e-01
2.412154800142065070e-01,-9.704715823771017380e-01
7.452527270633718670e-02,-9.972191252317846866e-01
-1.096018687466776553e-01,-9.939755682949336091e-01
5.649627349895197832e-03,-9.999840407280544685e-01
-7.390516081382281222e-01,-6.736488109603540053e-01
-8.640512845497925198e-01,-5.034037918687676028e-01
-9.994801143397397114e-01,3.224129400971140202e-02
-9.597025356780786165e-01,2.810178695618236744e-01
-6.351053995888328307e-01,7.724254859940270501e-01
-6.777681179461597649e-01,7.352757158343530275e-01
-5.182083406009717619e-01,8.552544157919250711e-01
-4.301170424574203288e-01,9.027731330670412113e-01
-1.742476544050102771e-01,9.847018609377927723e-01
-2.346771350339847337e-02,9.997245952875833952e-01
2.673232107461834817e-01,9.636069224514481890e-01
3.423278091400465684e-01,9.395805825416869705e-01
3.519439279605027227e-01,9.360210850038220842e-01
1.830603136228859673e-01,9.831016842505614362e-01
2.994643907576885478e-01,9.541074775244801076e-01
9.324768392575545350e-01,3.612297665589603302e-01
9.462604796091081960e-01,-3.234054803647283260e-01
6.639299433071909062e-01,-7.477947782514332564e-01
-6.622371338126845260e-03,-9.999780718585082884e-01
-1.486565004201976792e-01,-9.888888941042971448e-01
-6.611301203912889335e-01,-7.502712602195286129e-01
-8.640512845497925198e-01,-5.034037918687676028e-01
-9.919675626859638662e-01,1.264925079950133535e-01
-9.814388386154401234e-01,1.917754052457616432e-01
-5.662245975524701214e-01,8.242509964364878039e-01
-8.640042600631171466e-01,5.034844968743181770e-01
-6.798348938067249048e-01,7.333652004034544314e-01
-2.716788965674175604e-01,9.623879556394657753e-01
-2.631174057886838114e-01,9.647638212386661083e-01
-2.051628813351674407e-01,9.787278437452631152e-01
-1.991185110858530727e-01,9.799754173156349779e-01
-6.593549915439848863e-02,9.978238872422630079e-01
2.821663239939943835e-01,9.593655015705517819e-01
1.271643159897285491e-01,9.918816646852911534e-01
3.162277660135854318e-01,9.486832980515980118e-01
8.476109347497617907e-01,-5.306182274410059518e-01
5.830450507065030319e-01,-8.124398247542099494e-01
1.853055508926949868e-01,-9.826809516869423611e-01
1.174607821714541978e-01,-9.930775219748306792e-01
1.391938960185809260e-01,-9.902651459640334775e-01
-2.684582377862034241e-01,-9.632913238292589719e-01
-5.958469241726032095e-01,-8.030980282344417631e-01
-8.621033430521838348e-01,-5.067324993507408282e-01
-9.763409930184863139e-01,2.162365957734166955e-01
-7.841840769898678065e-01,6.205282696183543889e-01
-7.025003681823971391e-01,7.116833795330593793e-01
-5.803866905572071522e-01,8.143410154376682364e-01
-6.152017812989227785e-01,7.883696901115824218e-01
-5.046487664271815943e-01,8.633247491781549376e-01
-4.529256122350997504e-01,8.915483104024481964e-01
-1.267233691823516639e-01,9.919380967092016332e-01
3.447220967048224005e-01,9.387047864176634171e-01
3.894383245632595525e-01,9.210525453856374112e-01
2.978401194170206545e-01,9.546157673460327064e-01
9.688716013765481805e-02,9.952953723395182584e-01
2.374530904800679909e-01,9.713990064960251747e-01
9.914883496249545791e-01,1.301954398509556632e-01
9.486832980541276550e-01,-3.162277660059963913e-01
1.384389526692300920e-01,-9.903709690736328675e-01
2.354272485527471870e-01,-9.718919747785156327e-01
-4.594229188703667921e-01,-8.882176431577073483e-01
-2.339628309347115964e-01,-9.722455418982468567e-01
-8.026431231165764846e-01,-5.964595685490075017e-01
-9.994932654659784976e-01,3.183099571416334039e-02
-9.847835588156039766e-01,1.737853339222668603e-01
-7.300833954702244943e-01,6.833580581647281660e-01
-6.279622432111466868e-01,7.782438056940926829e-01
-6.341285124527116235e-01,7.732276700264361091e-01
-4.375708035196529400e-01,8.991839588800308869e-01
-4.109538149997347123e-01,9.116561643169883711e-01
-3.499800171205454807e-02,9.993873822878508451e-01
-9.302052994207703207e-02,9.956641908843035793e-01
-9.811584508312601316e-02,9.951750001600844220e-01
3.462888385800862445e-01,9.381279445122904237e-01
2.893895012791696253e-01,9.572114272977488847e-01
3.429399738970795863e-01,9.393573198221591980e-01
9.805806756917431199e-01,1.961161351340692804e-01
4.314554973046710873e-01,-9.021342216353278598e-01
1.732206359602735113e-01,-9.848830444664575801e-01
6.746162109727307787e-02,-9.977218699010902414e-01
-5.609132820847697459e-02,-9.984256421485823152e-01
-2.811995661416820669e-01,-9.596493130314479592e-01
-5.626899833570543352e-01,-8.266680002453452580e-01
-9.832820049840546028e-01,-1.820892601844984193e-01
-9.249748138027590327e-01,3.800284118727851324e-01
-7.304625312943693327e-01,6.829527731659212897e-01
-6.116071828680231803e-01,7.911615851798167176e-01
-4.599183662100213565e-01,8.879612020931457739e-01
-3.018191345679907545e-01,9.533652028517871635e-01
-4.926640124129518794e-01,8.702196107151175530e-01
-4.280863447372600383e-01,9.037378388943840823e-01
-1.993781948124954961e-01,9.799226170638734024e-01
1.312741417440817238e-01,9.913461049045154683e-01
3.488734460112909441e-01,9.371698451551921938e-01
4.401572170244767990e-01,8.979207227262704372e-01
3.995854205161565309e-01,9.166959647074520712e-01
3.162277660129120260e-01,9.486832980518223879e-01
7.297767184385941519e-01,-6.836855572739538589e-01
2.555871114675205558e-01,-9.667860303354042228e-01
2.650254209840787745e-01,-9.642414252832179899e-01
-1.937121692869468170e-01,-9.810584057384887924e-01
-1.702524390391202957e-01,-9.854004805160340164e-01
-4.228854653314846335e-01,-9.061831399950970312e-01
-6.407520156931096889e-01,-7.677479107006524028e-01
-9.254479873636490828e-01,-3.788746793922381784e-01
-9.264014348472505711e-01,3.765373573935996143e-01
-9.021342216353278598e-01,4.314554973046710873e-01
-4.995399723024412930e-01,8.662908380400177188e-01
-4.332166519084204026e-01,9.012898160465692143e-01
-4.582209877730383241e-01,8.888383015848838609e-01
-1.864175018550342788e-01,9.824706178823507940e-01
-1.352763562291618149e-01,9.908079064305860273e-01
2.508171265485488119e-02,9.996854043599412432e-01
9.053574604136611914e-02,9.958932064678086560e-01
2.530277443955833983e-01,9.674590226805904747e-01
4.872031495238270948e-01,8.732886642422786894e-01
-3.527215566049406170e-02,9.993777439162140341e-01
7.071067811865475727e-01,-7.071067811865475727e-01
2.737937836778813194e-01,-9.617884195702033345e-01
2.128828572258911755e-01,-9.770777293027104182e-01
-3.156321339766612194e-02,-9.995017576572906570e-01
-5.219357073059049251e-02,-9.986369866845463683e-01
-3.961681605748951784e-01,-9.181779721528414706e-01
-6.332377902567517536e-01,-7.739572992037391241e-01
-9.829625390493502701e-01,-1.838060032361686080e-01
-9.743911956936552876e-01,2.248595067029386108e-01
-7.755620037079893336e-01,6.312713983735116496e-01
-3.034949686155068993e-01,9.528330410019755226e-01
-3.447220967048217344e-01,9.387047864176635281e-01
-3.114923042616628002e-01,9.502486750244693026e-01
-5.374408282366335277e-01,8.433014621974286307e-01
-3.681168030690418203e-01,9.297795541407802844e-01
-4.209837880302125801e-01,9.070681618355551645e-01
1.155008581755819358e-01,9.933073803011351899e-01
7.760951990251324650e-02,9.969838325772898413e-01
3.580380248071612925e-01,9.337070058600752676e-01
4.170228677966585917e-01,9.088959939039507052e-01
6.889845860415578782e-01,7.247759931159026836e-01
8.113688303739906571e-01,-5.845345337082682446e-01
2.323962159498570990e-01,-9.726212000631012655e-01
-5.405326439553427738e-03,-9.999853911163311126e-01
9.701315409431612857e-02,-9.952830993906570667e-01
-3.764905121761800699e-01,-9.264204737813804824e-01
-4.756050642577662191e-01,-8.796589241588843588e-01
-6.789676088229100737e-01,-7.341682274310840084e-01
-9.927129953864882728e-01,-1.205027335407213018e-01
-9.810299519984996275e-01,1.938562180633404963e-01
-8.137334712056260022e-01,5.812381937206489990e-01
-8.416523618585888267e-01,5.400197235081872771e-01
-3.979600881683161839e-01,9.174027295714057839e-01
-2.990858282419329162e-01,9.542262139266752818e-01
-1.401553215741348779e-01,9.901295298265023748e-01
-1.204554117839676391e-01,9.927187385014724086e-01
-2.585093829477221328e-01,9.660087468175369008e-01
2.438102404266609124e-01,9.698229563498143024e-01
2.440074875069084270e-01,9.697733477676965252e-01
2.736881838197943728e-01,9.618184745768934008e-01
4.822965470667096022e-01,8.760080140543973215e-01
8.966857583024645528e-01,-4.426676528249316456e-01
2.998265967469150306e-01,-9.539937168992060901e-01
2.663945889888303942e-01,-9.638640583388675687e-01
-5.157446323731360027e-02,-9.986691517924156658e-01
-2.601012488286976732e-01,-9.655813483895345772e-01
-4.389893674147276603e-01,-8.984922566704830471e-01
-7.574099616015388392e-01,-6.529396220683466590e-01
-7.989215131687645854e-01,-6.014352964335660801e-01
-8.995081585729963747e-01,4.369039627430919559e-01
-5.447731816156968776e-01,8.385834368697674401e-01
-4.967266668519975670e-01,8.679070332922211861e-01
-2.703335172236209782e-01,9.627667367880479166e-01
-2.859667720433580196e-01,9.582395343999859927e-01
-5.875123859411927052e-01,8.092151730940831955e-01
-4.982499772859788068e-01,8.670334250388053166e-01
-2.821663239922171384e-01,9.593655015710743639e-01
-1.491507850021778214e-01,9.888144635538227423e-01
4.563767779625361315e-02,9.989580583614936504e-01
3.543040229326572810e-01,9.351302900311458943e-01
4.195418469499418435e-01,9.077359961232294161e-01
7.565346148536101767e-01,6.539536501376070898e-01
9.941214541532717996e-01,-1.082706534208795063e-01
4.750283257347924781e-01,-8.799705050452543142e-01
7.911630100151668954e-02,-9.968653925760676549e-01
-2.574000058417115211e-01,-9.663049399608214518e-01
-7.468073748633105580e-02,-9.972074946812713447e-01
-4.594229188720527768e-01,-8.882176431568352681e-01
-6.686691343718426106e-01,-7.435600774237485222e-01
-8.036658576094328765e-01,-5.950808258656086203e-01
-9.951121166175332933e-01,9.875158409348651356e-02
-7.580108737796804608e-01,6.522419146541914570e-01
-6.574847135870311998e-01,7.534678834558109495e-01
-5.144957554249325327e-01,8.574929257141006289e-01
-1.379100299429394383e-01,9.904447605198068993e-01
-2.585093829477221328e-01,9.660087468175369008e-01
-3.996803834817509726e-02,9.992009587218173561e-01
4.974675948380107710e-02,9.987618634693962161e-01
8.345172883291565591e-02,9.965118207802642347e-01
5.076076735231063210e-03,9.999871166394984634e-01
2.130395755853755069e-01,9.770435707963094352e-01
-1.559625734409772480e-01,9.877629653341269966e-01
7.605645022021751966e-01,-6.492623799281439512e-01
2.374530904820597033e-01,-9.713990064955383419e-01
-4.912095919668729022e-02,-9.987928370626200092e-01
-1.603526727481396075e-01,-9.870597855968644696e-01
-1.961161351365957872e-01,-9.805806756912378574e-01
-3.335786504371885397e-01,-9.427222729799610290e-01
-7.916354049368937718e-01,-6.109937689129080196e-01
-9.468287622841090601e-01,-3.217379289290307476e-01
-9.696444897561939946e-01,2.445190452407546011e-01
-6.238938283184553013e-01,7.815091112623971936e-01
-3.989155410456747819e-01,9.169876722793149915e-01
-1.008054694521992450e-01,9.949061550360023265e-01
-3.949902949052745416e-01,9.186852926495798766e-01
-4.630180550292115615e-01,8.863488482064870722e-01
-4.562249397764594483e-01,8.898644864955370659e-01
-3.622498348434743387e-01,9.320810357237589994e-01
-2.194011143691050603e-01,9.756347426232806486e-01
2.223603367715738244e-01,9.749645535253228523e-01
2.810178695618234523e-01,9.597025356780787275e-01
7.725922412317129950e-01,6.349025348733131624e-01
9.627389938245455303e-01,2.704323016388793244e-01
7.929341717985646243e-01,-6.093073109639539631e-01
2.738797947791898890e-01,-9.617639305004678230e-01
6.316475399936700985e-02,-9.980031131475489703e-01
-3.773558038882020640e-03,-9.999928801045171456e-01
-2.010226557531034630e-01,-9.795865923306471545e-01
-3.722945667510620948e-01,-9.281146241535249697e-01
-6.265569118242958480e-01,-7.793756708065767702e-01
-9.998863858711309893e-01,-1.507366410558031757e-02
-9.999862945171154038e-01,-5.235530338838400438e-03
-8.043946132283733563e-01,5.940953679411881128e-01
-6.661289025008646503e-01,7.458366344267313153e-01
-5.198035454875701289e-01,8.542858269329719478e-01
-4.259924094022093932e-01,9.047267361649595774e-01
-1.550525464013630950e-01,9.879062242209292188e-01
-9.914016209462778173e-02,9.950734788244790519e-01
-1.976674394000741963e-01,9.802691382477660698e-01
3.577334698952859271e-01,9.338237331084912052e-01
3.950679212188484279e-01,9.186519131988012399e-01
4.556049894966069935e-01,8.901820564052033147e-01
8.816123215399802593e-01,4.719742731430247584e-01
6.667948594615711322e-01,-7.452413135324851279e-01
2.823732336853203989e-02,-9.996012472826256712e-01
-1.878519530976509311e-01,-9.821973547701083884e-01
-1.542497053538361695e-01,-9.880318964478094212e-01
-2.346405331022947405e-01,-9.720822085736735563e-01
-4.643647239778885827e-01,-8.856440611921582162e-01
-5.396661147193331232e-01,-8.418791389645779999e-01
-7.530675402118978123e-01,-6.579432193428257358e-01
-9.790609894031494509e-01,2.035671364167754849e-01
-8.476109347474330979e-01,5.306182274447255320e-01
-4.193948039472846778e-01,9.078039427222259761e-01
-2.240981951885530898e-01,9.745665697699840146e-01
-5.244120032212221671e-01,8.514646503980685122e-01
-3.061449292711515002e-01,9.519849170452028275e-01
-3.330299893728542182e-01,9.429162349744097948e-01
-3.667270365528957909e-01,9.303285874684981138e-01
-2.354272485459052988e-01,9.718919747801729736e-01
2.754635353037627188e-01,9.613115211615600453e-01
1.987513865812554625e-01,9.800499407336487057e-01
4.352492125209178053e-01,9.003100149392545548e-01
8.188722220561308607e-01,5.739758565870649587e-01
9.666450901831883380e-01,-2.561196392796455390e-01
4.899591042934719476e-01,-8.717454193283372677e-01
2.689044526006195146e-01,-9.631668574922837012e-01
5.255883312352770814e-02,-9.986178293324695643e-01
-2.434166713176680596e-01,-9.699218134079811149e-01
-3.162277660151877612e-01,-9.486832980510638835e-01
-7.647909877960632485e-01,-6.442784685102566078e-01
-9.545881034872181203e-01,-2.979287711528984528e-01
-9.944715552344339793e-01,1.050063132845185099e-01
-7.435266229625879797e-01,6.687063338610226282e-01
-5.535888212648943929e-01,8.327901398134734956e-01
-5.035837416413881940e-01,8.639464191455737962e-01
-3.477444134668460918e-01,9.375893679551828841e-01
-1.000866175983260997e-01,9.949787279021228281e-01
-1.359800207289404428e-01,9.907115796045571354e-01
-5.694168285709238359e-02,9.983775061335278256e-01
-9.659262446770822130e-02,9.953239999610380417e-01
2.937581733644970550e-01,9.558797704636049497e-01
2.139743197658383889e-01,9.768392859015994079e-01
9.168984763414457229e-01,3.991205132322003801e-01
7.951222528806840550e-01,-6.064491759199162058e-01
7.407204196230672034e-03,-9.999725662866933984e-01
-7.154613483681002140e-02,-9.974372915576762422e-01
-2.097494580742801651e-01,-9.777551661011799622e-01
-4.148532929373670020e-01,-9.098883147612256694e-01
-5.556938859945260711e-01,-8.313869767252207721e-01
-6.789676088229100737e-01,-7.341682274310840084e-01
-8.753097187754634856e-01,-4.835627117729602853e-01
-9.983845166906022417e-01,-5.681863103307303875e-02
-5.438079027236917273e-01,8.392097264303243209e-01
-3.504936856844000359e-01,9.365650945318030329e-01
-3.275997276126556002e-01,9.448166057326226053e-01
-1.547399760442987049e-01,9.879552316850241933e-01
-4.696129729774429773e-01,8.828723891997570794e-01
-2.526159199947400902e-01,9.675666369636827246e-01
-4.740998230317863826e-01,8.804710999239151459e-01
-2.564346990240113366e-01,9.665615578619215498e-01
-2.104873042799284000e-01,9.775965910010984139e-01
8.350619481550321244e-02,9.965072580906950694e-01
2.330689750647523262e-01,9.724602063129709206e-01
7.834976790889895959e-01,6.213947110027301379e-01
9.412532424885082794e-01,-3.377015450140397057e-01
5.563665144869305301e-01,-8.309370021594081335e-01
2.144072948451365423e-01,-9.767443431713289659e-01
8.540114134892740072e-02,-9.963466490415374688e-01
-2.072932863021578198e-01,-9.782788423829127389e-01
-4.228854653300656019e-01,-9.061831399957592792e-01
-7.071067811865474617e-01,-7.071067811865474617e-01
-9.268833692485426434e-01,-3.753494635809004887e-01
-9.208892578445703192e-01,3.898242870659504589e-01
-7.016467397810202122e-01,7.125249838108593803e-01
-5.099090825889007750e-01,8.602282996352453859e-01
-3.792234174802197044e-01,9.253051386621730101e-01
-4.035418365618860248e-01,9.149611937914416959e-01
-2.598343931555610054e-01,9.656531924730955563e-01
-9.431454771814189175e-02,9.955424481601586884e-01
1.054004003937629996e-01,9.944298645941976877e-01
-9.545257331135161005e-02,9.954339788495473185e-01
9.697664863236282740e-02,9.952866570089419218e-01
3.368835463556270615e-01,9.415463218529697143e-01
1.191452206253214435e-01,9.928768384860950924e-01
1.661954218513601311e-01,-9.860928362764069810e-01
4.542792626235672704e-01,-8.908593332003589271e-01
-1.309931266535647836e-02,-9.999142003230554465e-01
-2.092947663041217210e-01,-9.778525966615331244e-01
-3.479809455190324141e-01,-9.375016061616536778e-01
-6.006625941802798962e-01,-7.995026253569256225e-01
-7.345884219578615593e-01,-6.785129699021666960e-01
-9.439779432814355831e-01,-3.300085492803946918e-01
-9.836474876891848629e-01,1.801044695801717055e-01
-6.874760279094587201e-01,7.262070717431999833e-01
-3.517163597666753128e-01,9.361066190731045511e-01
-7.297563830860377687e-02,9.973337235917834054e-01
-4.840135525608568745e-02,9.988279675746841724e-01
-3.663036133767557101e-01,9.304953857097477687e-01
-3.258666971727450234e-01,9.454157263731794991e-01
-3.133339826619657709e-01,9.496429936082246837e-01
-3.052716538518864819e-01,9.522653082804884983e-01
-8.268532058471891877e-02,9.965757059851511057e-01
-1.364366605701479440e-01,9.906487963211111358e-01
3.683643681107830470e-01,9.296815004647257519e-01
4.344527107394815513e-01,9.006946442225114424e-01
9.958932064678657214e-01,9.053574604073727494e-02
7.551412180465225665e-01,-6.555621563263196450e-01
5.801290266169464305e-01,-8.145245929230586768e-01
3.413675690352271364e-01,-9.399298818587371596e-01
9.375560577477838609e-02,-9.955952422474729779e-01
-3.275997276126557667e-01,-9.448166057326224943e-01
-2.778653026788955316e-01,-9.606200464112570891e-01
-7.951222528806838330e-01,-6.064491759199166498e-01
-7.934823522443120725e-01,6.085932604595893913e-01
-7.462954344647195759e-01,6.656148469626526065e-01
-4.729119740936891803e-01,8.811096780530843775e-01
-1.651641772635183691e-01,9.862660870925579193e-01
-1.069527128513911435e-01,9.942641083805288105e-01
-3.672751317898049761e-01,9.301123467456935412e-01
-2.565687178509852284e-01,9.665259919010462664e-01
-2.034942565106119261e-01,9.790761398212057820e-01
6.212045598392643142e-02,9.980686594359873265e-01
4.610476661132651560e-02,9.989366098485504830e-01
4.175001715529034763e-01,9.086768439623055249e-01
8.253072612485525816e-01,5.646839155938598864e-01
2.947133486817334336e-01,-9.555857063125207107e-01
1.853055508926949868e-01,-9.826809516869423611e-01
2.057177733661065891e-02,-9.997883785967972559e-01
-2.013640149360044485e-01,-9.795164794371009620e-01
-4.522786885853112837e-01,-8.918766662782198207e-01
-6.198766127399329973e-01,-7.846992958949734476e-01
-8.508591309695708871e-01,-5.253938896158830696e-01
-9.904674296938325018e-01,-1.377471259797926895e-01
-9.753422209911368768e-01,2.206978748245580491e-01
-6.217364919981839266e-01,7.832264899234397948e-01
-2.219117443550341073e-01,9.750667555184650004e-01
-1.715480178626317687e-01,9.851757597339686479e-01
-1.389115322747578873e-01,9.903047945966326759e-01
3.254089690073826147e-02,9.994704047788985912e-01
-7.959457677775320927e-02,9.968273187205346497e-01
-4.420560145345558967e-01,8.969874469655771954e-01
-5.159683493345994520e-01,8.566076479257751508e-01
-4.879216812415268500e-01,8.728874113964766313e-01
-2.631174057889651974e-01,9.647638212385896139e-01
4.343722427759973831e-02,9.990561583550034985e-01
3.300924571267725427e-01,9.439486054590100483e-01
9.861570423157840493e-01,1.658140159666395830e-01
9.045829261453985914e-01,-4.262977008221229269e-01
4.544703416922306616e-01,-8.907618697060102342e-01
3.917930604992784227e-01,-9.200533667916273028e-01
-2.007627412169015607e-02,-9.997984512977555749e-01
-4.032591575912859022e-02,-9.991865794325841543e-01
-2.240981951885532009e-01,-9.745665697699840146e-01
-9.805806756917821998e-01,-1.961161351338741865e-01
-8.600546538742195324e-01,5.102019133140296425e-01
-7.990858323690940290e-01,6.012169595969429903e-01
-3.702704109539215471e-01,9.289240134542834371e-01
-1.570027844148586538e-01,9.875981600256156234e-01
-1.374392147692737876e-01,9.905102029982353340e-01
-3.347405314912265534e-02,9.994395868514363013e-01
-5.737658658971789977e-02,9.983526067033193785e-01
-1.547399760442987049e-01,9.879552316850241933e-01
5.819715882291452702e-02,9.983051090247612169e-01
1.509593069508660124e-01,9.885399777676743271e-01
2.782760326794236905e-01,9.605011450467928480e-01
5.581766923170495831e-01,8.297221101995521098e-01
5.872276151953869094e-01,-8.094218479581204440e-01
-5.021589650123075427e-02,-9.987383860343898023e-01
-1.403590978761544428e-01,-9.901006633890273578e-01
-2.933581979892214142e-01,-9.560025981515514193e-01
-4.796716186691434847e-01,-8.774480829333002330e-01
-5.936489485697749036e-01,-8.047241302844104771e-01
-7.883696901115820888e-01,-6.152017812989228895e-01
-9.953500135556575534e-01,-9.632419485649636182e-02
-9.986178293326142263e-01,-5.255883312077731101e-02
-7.007653960442973284e-01,7.133917995792209421e-01
-3.258260652889241049e-01,9.454297304286223280e-01
1.639124024252465797e-02,9.998656545973122478e-01
-1.978858139806472516e-01,9.802250785535008282e-01
-1.275795786855213609e-01,9.918283375173471139e-01
-4.131334455010374218e-01,9.106704981542124155e-01
-3.525539965201773263e-01,9.357914722509768080e-01
-2.092374592607113282e-01,9.778648606234514595e-01
-4.005309859996319388e-01,9.162832145434961495e-01
-1.324629075060282102e-01,9.911879630700977106e-01
3.796737157047797018e-01,9.251204622117737975e-01
3.130425024736796513e-01,9.497391176765419551e-01
5.598574112789841406e-01,8.285889686907461638e-01
9.995920864605363221e-01,2.855977390442113878e-02
7.462954344723021771e-01,-6.656148469541509627e-01
3.812751289958863921e-01,-9.244616141350435745e-01
8.511711660735805929e-02,-9.963709532400317759e-01
-1.403590978761544428e-01,-9.901006633890273578e-01
-8.929700383056435320e-02,-9.960050427115739735e-01
-7.790116852632813504e-01,-6.270094052111676586e-01
-9.829942588606856990e-01,1.836362901142674642e-01
-5.954535628418767823e-01,8.033897276533444876e-01
-3.203139426078049357e-01,9.473114472923062079e-01
-1.548655729680114834e-01,9.879355516982316621e-01
1.247020082568592175e-01,9.921942396208043302e-01
2.527767086312083800e-01,9.675246433934244772e-01
-3.012800131725063002e-01,9.535357117920515435e-01
-2.813316237977682710e-01,9.596106072002908993e-01
6.215067847695709968e-02,9.980667779085995450e-01
1.610498112744590815e-01,9.869462793325992633e-01
2.410027137179290568e-01,9.705244417224091480e-01
7.211047102900907113e-01,6.928260941949604401e-01
1.006104834698423600e-01,-9.949258920220965807e-01
-1.901817249572512469e-01,-9.817489045027167904e-01
-1.581275489407379664e-01,-9.874186945090692724e-01
-4.306602646408301815e-01,-9.025141198117014874e-01
-5.696621435828121971e-01,-8.218789705112521382e-01
-6.423605493821764600e-01,-7.664025865023084139e-01
-8.892280653353320519e-01,-4.574641492182554559e-01
-9.339903198038569387e-01,-3.572983102572540037e-01
-9.913319042408185178e-01,1.313813367045421898e-01
-6.015767391101136674e-01,7.988150142314816016e-01
-4.018553447206172358e-01,9.157031625584099999e-01
-5.872202195034382372e-02,9.982743731750621796e-01
-2.282510213188476342e-02,9.997394734192848187e-01
-4.830861504915722610e-03,9.999883313204810387e-01
-1.663727580318241084e-01,9.860629317568346819e-01
-2.554794739396110126e-01,9.668144798230629000e-01
-3.622131903945372544e-01,9.320952766236992870e-01
4.608246000816181194e-03,9.999893819780267812e-01
-9.053574604354955313e-02,9.958932064676100371e-01
2.616904533643850395e-02,9.996575318908867969e-01
2.097440587035090745e-02,9.997800129520422185e-01
6.074501075687158691e-01,7.943578329787877035e-01
9.949464040553018807e-01,1.004074352696259220e-01
9.294907111698262892e-01,-3.688455203049246234e-01
6.318179251498137194e-01,-7.751168360056336359e-01
4.317579995925829861e-01,-9.019894843000172413e-01
-2.040391466172008367e-02,-9.997918184634625449e-01
-3.546542341200387138e-01,-9.349975263179730600e-01
-7.378054120314297970e-01,-6.750134620710406264e-01
-8.342191746492864102e-01,-5.514330137446101787e-01
-6.843142041714842527e-01,7.291872667354717397e-01
-8.840983875926795854e-02,9.960841833954398039e-01
-5.335899053745424281e-02,9.985753943137313238e-01
1.804217146648748604e-01,9.835893476839745464e-01
2.588412724111123220e-01,9.659198702255774593e-01
-1.404131882239690321e-01,9.900929939014719849e-01
-9.053574604166668427e-02,9.958932064677812335e-01
7.339459160093031453e-02,9.973029800034354242e-01
-1.492371097046906771e-02,9.998886352243783193e-01
2.843134446804305715e-01,9.587313832215714759e-01
5.401225858083311682e-01,8.415863546301841636e-01
4.834227008350654442e-01,-8.753870528613790780e-01
3.446227583835467095e-02,-9.994059993536366093e-01
-3.408407043416971094e-01,-9.401210636209869076e-01
-4.721054699894523532e-01,-8.815420722835856093e-01
-7.470846746585589893e-01,-6.647288837490928914e-01
-7.928244430351842897e-01,-6.094500820624686455e-01
-9.365440193848274530e-01,-3.505499960840275930e-01
-9.697307301971522797e-01,-2.441768025658820340e-01
-9.998816778082108003e-01,1.538279504632728521e-02
-5.598574112728336161e-01,8.285889686949019506e-01
-2.278844673730391068e-01,9.736881787975585345e-01
-3.772968873116515076e-01,9.260923597703086818e-01
-4.610476660519215175e-02,9.989366098488335899e-01
1.092890587855659817e-01,9.940100108297525994e-01
-9.140321415881347278e-02,9.958139647752675128e-01
-2.144072948396820999e-01,9.767443431725262304e-01
-3.889720370387874659e-01,9.212495614120509435e-01
-3.674763939258126610e-01,9.300328488323844622e-01
-3.054275543550089567e-01,9.522153165333552272e-01
-2.316205273024216915e-01,9.728062146862282988e-01
3.989155410456752815e-01,9.169876722793147694e-01
4.280863447418488676e-01,9.037378388922104877e-01
6.929688171063135282e-01,7.209675571884470724e-01
9.999690013794187982e-01,7.873771665967291625e-03
5.121763363590957630e-01,-8.588803178987014508e-01
4.966240085970193008e-02,-9.987660616685221093e-01
1.223612420997924194e-01,-9.924856303402060931e-01
-2.163113990734277792e-01,-9.763244228384825307e-01
-5.089409826330364428e-01,-8.608014150758113159e-01
-4.693490929656152777e-01,-8.830127003233613214e-01
-9.620639325472292169e-01,2.728241002766443879e-01
-4.237950741532198751e-01,9.057580996731229295e-01
2.988238108817418692e-01,9.543082992671252374e-01
9.392259459904077346e-02,9.955795027137633868e-01
3.162277660168378302e-01,9.486832980505137680e-01
-1.570376941111850666e-01,9.875926096464279214e-01
-6.260756375310778943e-02,9.980382221943708831e-01
1.339178960005419916e-01,9.909924304104386072e-01
1.535361678089427750e-01,9.881430287031043314e-01
2.219117443627059427e-01,9.750667555167189526e-01
3.269064114994288950e-01,9.450567168802971318e-01
9.246780984757972943e-01,-3.807498052516688491e-01
-2.382215277950397170e-01,-9.712108440987452518e-01
-4.719168306312372385e-01,-8.816430711841204415e-01
-5.354460004579666421e-01,-8.445694646348321788e-01
-7.452413135252358156e-01,-6.667948594696730957e-01
-7.588346728322861168e-01,-6.512833018798479534e-01
-9.210304819141048593e-01,-3.894905023040635683e-01
-9.169587377834191866e-01,3.989820462159152092e-01
-7.365298884248220324e-01,6.764049995800734960e-01
-5.812381937177073521e-01,8.137334712077273213e-01
-2.788101948608591174e-01,9.603462267545229691e-01
-3.828025603851065162e-01,9.238301790711359596e-01
-2.537253972725738577e-02,9.996780652929165845e-01
-1.311329096091236046e-01,9.913647966401901712e-01
-5.381412413780225362e-02,9.985509701779279323e-01
-3.634026260371582828e-01,9.316321867503811749e-01
-4.916668203076734467e-01,8.707834046469546951e-01
-3.104898728111096240e-01,9.505766875332789523e-01
-7.911630099472766187e-02,9.968653925766064461e-01
-2.144072948370658038e-01,9.767443431731005488e-01
-2.382215277933437958e-01,9.712108440991610303e-01
-1.623731954567749214e-01,9.867294185323329803e-01
7.297563832644923809e-02,9.973337235904776721e-01
9.339386624147744120e-01,3.574333152448188611e-01
5.913636636396358837e-01,-8.064049958468186841e-01
1.820892601906541897e-01,-9.832820049829144038e-01
2.040391466668157322e-02,-9.997918184633612926e-01
-2.944041072414990134e-01,-9.556810250493289471e-01
-4.030564076891536285e-01,-9.151751374576971854e-01
-8.253072612500879091e-01,-5.646839155916160147e-01
-7.403249966379844560e-01,-6.722491348845072157e-01
-9.904447605198068993e-01,1.379100299429391607e-01
-7.071067811865481278e-01,7.071067811865467956e-01
-2.398473294669458689e-01,9.708106193009914398e-01
2.880620681761366098e-01,9.576117401525979789e-01
-3.768493476136347553e-01,9.262745646962231572e-01
-1.337358598653237696e-01,9.910170128640993781e-01
-7.045643972043241776e-02,9.975148570833022310e-01
1.492371097643700392e-02,9.998886352242892794e-01
1.570027844148584872e-01,9.875981600256156234e-01
4.570382509565899115e-02,9.989550342090606216e-01
9.767443431686712030e-01,2.144072948572435244e-01
-3.692906896359279822e-01,-9.293139332584123835e-01
-5.688331124065900690e-01,-8.224529714396026092e-01
-6.324223186124281471e-01,-7.746237866996342758e-01
-7.071067811865474617e-01,-7.071067811865474617e-01
-8.255359957167497376e-01,-5.643494660013019804e-01
-9.462131741567387788e-01,-3.235438595495656044e-01
-9.473114472923062079e-01,-3.203139426078051022e-01
-9.960248861201718151e-01,-8.907539631850519557e-02
-8.798208226069185178e-01,4.753055018693611578e-01
-7.612432304815563988e-01,6.484664556058424845e-01
-1.991794771966488020e-01,9.799630278044523246e-01
-6.711258251369540961e-03,9.999774792527497125e-01
-3.398386654755450320e-01,9.404837486356691922e-01
-1.104315260731356246e-01,9.938837346738089717e-01
-4.003520692109858725e-01,9.163614028746965845e-01
-7.973094678718974926e-01,6.035707186749799114e-01
-5.368754921872036512e-01,8.436614877358974418e-01
-5.475276731120366502e-01,8.367875758975624745e-01
-7.437620990082093320e-01,6.684444180924115075e-01
-6.969341436379582477e-01,7.171351333128408445e-01
-3.889720370394359472e-01,9.212495614117771625e-01
-9.870072699299009544e-01,-1.606756020854551159e-01
9.073106065313102375e-01,-4.204610127892788318e-01
5.102019133140296425e-01,-8.600546538742195324e-01
-5.737658659024350710e-02,-9.983526067032891804e-01
-3.757051087366607978e-01,-9.267392682244417479e-01
-2.825972772813012401e-01,-9.592386454231268678e-01
-7.995880065915278445e-01,-6.005489319905470413e-01
-7.770810759760501396e-01,-6.294005095008298190e-01
-8.290721288250777476e-01,-5.591416682786694015e-01
-8.593480497114003303e-01,-5.113911706875792218e-01
-8.693954940958247279e-01,-4.941168635514039398e-01
-9.278155635905102061e-01,-3.730392472102954660e-01
-6.123977419129462696e-01,-7.905498122825180829e-01
-3.394269443769450806e-02,9.994237807328327783e-01
-1.447057900382645035e-01,9.894747264732948189e-01
-5.526595953430728930e-02,9.984716689604929973e-01
2.068556815488386824e-01,9.783714667808774967e-01
1.260581526713176748e-01,9.920228536405272246e-01
3.092179925223252912e-01,9.509911845545483411e-01
3.398386654755447545e-01,9.404837486356691922e-01
2.070900347879579273e-01,9.783218884863622566e-01
2.006537101456363770e-01,9.796622318966833332e-01
7.755620037143963197e-01,6.312713983656400574e-01
7.612432304966092467e-01,-6.484664555881718417e-01
6.422198626108015507e-01,-7.665204811798334017e-01
1.230252326069651431e-01,-9.924035429914597195e-01
-3.028912663966863705e-02,-9.995411791454147377e-01
1.016922921445577721e-01,-9.948159014201500838e-01
7.243492085059792529e-02,-9.973731409263874026e-01
2.855977389971576727e-02,-9.995920864606708811e-01
-3.555063591529238065e-02,-9.993678763528566211e-01
5.519212704320023560e-02,-9.984757528915998437e-01
7.339459160130956672e-02,-9.973029800034074466e-01
-7.548126368437016454e-02,-9.971472202401261420e-01
-9.140321415933894134e-02,-9.958139647752194401e-01
6.600361682251262851e-02,-9.978193837395357146e-01
-1.381060190805513122e-01,-9.904174511253941438e-01
-2.435066166519702924e-01,-9.698992358212839004e-01
-4.936055194566523752e-01,-8.696859152371781976e-01
-4.974666221239081310e-01,-8.674831179179389729e-01
-8.197591378793606109e-01,-5.727084387917532604e-01
-9.107535341676549212e-01,-4.129503602143073104e-01
-9.476966541343764261e-01,-3.191724482822851372e-01
-9.981074057317106396e-01,-6.149476907440564605e-02
-9.992849167618538253e-01,3.781078063535370237e-02
-9.969303947387444520e-01,7.829296294081170005e-02
-9.441193453395819724e-01,3.296037951170449620e-01
-7.831788303699526166e-01,6.217965259313957826e-01
-7.071067811837744577e-01,7.071067811893205768e-01
-5.991037676993333783e-01,8.006713904770565993e-01
-4.489562653096795808e-01,8.935537319261694922e-01
-5.445691305965474349e-01,8.387159602638550870e-01
-3.554478221115489056e-01,9.346961248214078477e-01
-1.309383692537031685e-01,9.913905100701644324e-01
-1.191452206155076549e-01,9.928768384872728170e-01
-1.724733022388481862e-01,9.850141927986758583e-01
-1.236000850282071850e-01,9.923321112314263948e-01
-1.414213562366308241e-01,9.899494936612633911e-01
-1.008054694521992450e-01,9.949061550360023265e-01
-2.163995300338396321e-02,9.997658287989299453e-01
-2.164626864157788710e-01,9.762908917887456184e-01
-9.660087468158139457e-01,2.585093829541601496e-01
-9.543082992660921748e-01,2.988238108850406749e-01
-9.664376833848572490e-01,2.569011563495005590e-01
-8.041761414605120839e-01,5.943910610916710580e-01
-7.201979315999549325e-01,6.937686497090702620e-01
-5.623100214087987103e-01,8.269265020684948286e-01
-2.176738730279163814e-01,9.760215597009250788e-01
-7.263368569656013518e-01,6.873389049176044097e-01
-4.187597784492554931e-01,9.080970476513677836e-01
-1.459608733106257938e-01,9.892903635750222024e-01
-2.128828572196381497e-01,9.770777293040728839e-01
-4.371362591476268267e-01,8.993952918146829179e-01
-4.805868489430536461e-01,8.769471367323041777e-01
-2.741463485286688151e-01,9.616879845294926676e-01
-5.200673701135519744e-01,8.541252428907448735e-01
-1.614885681064742728e-01,9.868745828984150092e-01
-4.450674064247114869e-01,8.954970707592407875e-01
1.143955774835244826e-01,9.934352781395530130e-01
-1.652107781963181310e-01,9.862582819767684583e-01
4.702538502868829351e-01,8.825311984798961396e-01
2.643261754707889599e-01,9.644333429330331775e-01
4.246391382571923501e-01,9.053626910029973773e-01
8.083043394681600491e-01,5.887648892358829933e-01
8.968058847754801777e-01,4.424242364880887068e-01
8.657886031589290265e-01,5.004099266002929314e-01
9.821551918915220059e-01,1.880722707911177405e-01
7.285191333702254468e-01,6.850254537705119384e-01
7.802230023152097182e-02,9.969516140047031127e-01
3.925047648003796574e-01,9.197499712470769140e-01
1.395603023706456225e-01,9.902135739335297115e-01
-3.634026260371582828e-01,9.316321867503811749e-01
-9.875158409348648580e-02,9.951121166175332933e-01
3.162277660168378857e-01,9.486832980505136570e-01
2.813849884316390604e-01,9.595949605356034473e-01
-2.451172122358561689e-01,9.694934513784619901e-01
-5.255883312352769426e-02,9.986178293324695643e-01
-1.785511193934799234e-01,9.839306366626334732e-01
-4.687980861339804961e-02,9.989005373631406615e-01
-3.093451276154163820e-01,9.509498367530232477e-01
-3.114923042616628002e-01,9.502486750244693026e-01
-5.392256123979541904e-01,8.421613497032806039e-01
-7.841433635660141066e-01,6.205797171801361589e-01
-8.137334712040420470e-01,5.812381937228664475e-01
-9.378378076823954412e-01,3.470738343371310153e-01
-5.642579853333329343e-01,8.255985259116978003e-01
-5.532318749661044865e-01,8.330273059879180764e-01
-6.175884034313019466e-01,7.865014710394222508e-01
-4.255614533808543265e-01,9.049295273093782566e-01
-5.183999096917931704e-01,8.551383125737850310e-01
-3.030223838101835376e-01,9.529834389484392876e-01
-2.971468253775189639e-01,9.548317988881928065e-01
-2.435408232861687727e-01,9.698906471314666655e-01
-4.520072321726133491e-01,8.920142723430232179e-01
-4.283958188769023678e-01,9.035911809932567484e-01
-5.027461802707670069e-01,8.644340797441719682e-01
-4.333543376933153279e-01,9.012236226389030991e-01
-2.663945889888305607e-01,9.638640583388676797e-01
-1.961161351372212314e-01,9.805806756911127353e-01
-9.422906373399472790e-02,9.955505429398423534e-01
-4.473130094070707635e-02,9.989990544120408433e-01
2.368449061215891494e-01,9.715474720487184968e-01
4.494316341739577614e-01,8.933147296466825704e-01
4.000217931609686972e-01,9.165056273674936360e-01
4.084766346831402162e-01,9.127687762615109834e-01
5.119414258357911640e-01,8.590203586139373293e-01
5.662245975524708985e-01,8.242509964364873598e-01
6.616216370889470566e-01,7.498378553632389920e-01
5.426347074084643118e-01,8.399687936558895007e-01
7.829296294081164453e-02,9.969303947387443410e-01
1.016922921440210209e-01,9.948159014202050399e-01
-5.717504053918699009e-02,9.983641693987932442e-01
-1.141427140601342510e-01,9.934643631389031837e-01
-7.468073748633102804e-02,9.972074946812713447e-01
-4.243278980314616616e-02,9.990993235657413818e-01
-2.927614866972684873e-02,9.995713616941354074e-01
-2.078995173543245756e-01,9.781501882041626628e-01
-2.075042083553581551e-01,9.782341251023785045e-01
-4.547137355232883649e-01,8.906376472654056187e-01
-3.356504070872725065e-01,9.419866263499436787e-01
-4.165004950291629759e-01,9.091354891546485906e-01
-5.856616062680563006e-01,8.105556630753499858e-01
-4.821177416294027962e-01,8.761064337203354757e-01
-7.118682801591621478e-01,7.023130012346607831e-01
-7.994319979556610001e-01,6.007565901799329922e-01
-6.284819372258545478e-01,7.778241797352644094e-01
-5.583073091534387355e-01,8.296342257560536115e-01
-3.678251260236947706e-01,9.298949815251467133e-01
-6.962301215617948680e-01,7.178186524673541014e-01
-5.006673306470914575e-01,8.656397772877100216e-01
-4.300839759756953096e-01,9.027888865116460160e-01
-3.369965679107279621e-01,9.415058752957360388e-01
-3.113710926739385876e-01,9.502883997224408352e-01
-3.878978996174300420e-01,9.217023486312628799e-01
-4.029910300016686375e-01,9.152039279516855919e-01
-4.027386142630720589e-01,9.153150324240613145e-01
-5.296118477311657635e-01,8.482401138491273418e-01
-4.259924094022093932e-01,9.047267361649595774e-01
-4.193163235444840042e-01,9.078401956341971557e-01
-1.624708712976817571e-01,9.867133403272563275e-01
-1.278314720415911765e-01,9.917959037804501277e-01
-1.667158191638535014e-01,9.860049876347103393e-01
1.369734502967623509e-02,9.999061869691265869e-01
3.387194682752548425e-01,9.408874118678219878e-01
5.016507005753836901e-02,9.987409402573432793e-01
2.935568725067472240e-01,9.559416104574888218e-01
5.232630333371567355e-01,8.521712257186331296e-01
4.031674898880584501e-01,9.151262071962326106e-01
4.933975460226776577e-01,8.698039213402061209e-01
7.508929588931171351e-01,6.604239277045763634e-01
4.811595025969633843e-01,8.766330663742057938e-01
1.186527075903315853e-01,9.929358161439657549e-01
2.503064990050186123e-01,9.681666470994808593e-01
-1.361607392916670267e-01,9.906867583023135637e-01
-9.989935215455565676e-02,9.949975474538115261e-01
-1.637813008929326908e-01,9.864966728163955256e-01
-1.555909435886007885e-01,9.878215720833437574e-01
-1.613556721449038445e-01,9.868963203227917313e-01
-5.341512243870604193e-01,8.453889456846501727e-01
-3.162277660168376636e-01,9.486832980505138790e-01
-6.303964679927541725e-01,7.762733366168520499e-01
-7.686616924613315360e-01,6.396555342858228910e-01
-8.460694608875058975e-01,5.330726661099076669e-01
-7.125249838075959907e-01,7.016467397843338949e-01
-5.646839155922569464e-01,8.253072612496493710e-01
-6.549305384142615205e-01,7.556890827929205745e-01
-5.956195226024345590e-01,8.032666956216023557e-01
-4.708691260857565397e-01,8.822030753172626083e-01
-4.098149214378466465e-01,9.121686961121234782e-01
-5.930345607424298837e-01,8.051770052386202359e-01
-3.972230057789645774e-01,9.177221168087454917e-01
-2.589415273727923572e-01,9.658929989402788019e-01
-2.164979212555260268e-01,9.762830788721250652e-01
-3.235911792683467958e-01,9.461969925442168527e-01
-4.608729629769588443e-01,8.874661187881139890e-01
-5.964065595179764978e-01,8.026825124318645033e-01
-4.524774094819548065e-01,8.917758652870683145e-01
-4.524774094819548065e-01,8.917758652870683145e-01
-3.488195603189371830e-01,9.371899030286782173e-01
-2.065998130520396991e-01,9.784255297399298001e-01
-2.462319650252104419e-01,9.692109261661383535e-01
-1.334884176219526541e-01,9.910503732711002378e-01
-3.263825467975494665e-01,9.452377654039989530e-01
-6.704249823050889567e-02,9.977501207371574088e-01
3.705154159415415260e-01,9.288263166758715661e-01
2.099387068437026660e-01,9.777145490217447055e-01
3.914635771429954003e-01,9.201936034174603707e-01
3.008250296829509951e-01,9.536793494231967649e-01
3.374612958315785782e-01,9.413394041554151714e-01
5.144957554296138991e-01,8.574929257112918757e-01
5.586003794798248823e-01,8.294369271047651315e-01
5.800045984637294261e-01,8.146132000900352388e-01
6.478550519010011222e-01,7.617636324519249102e-01
3.245008340584815132e-01,9.458854099177921304e-01
3.008872877794109835e-01,9.536597087288263275e-01
1.444160037839218869e-01,9.895170629408480689e-01
2.007627412159357361e-02,9.997984512977575733e-01
-1.271643159843757476e-01,9.918816646859773822e-01
-6.966328281794176291e-01,-7.174278379758803892e-01
-7.784130394752614146e-01,-6.277524511898661119e-01
-8.304695901957854787e-01,-5.570639637959398094e-01
-6.878500497912802825e-01,-7.258528149715569588e-01
-6.360467003158760679e-01,-7.716505653579773805e-01
-5.968332825787162621e-01,-8.023652739284734547e-01
-6.646200251152490912e-01,-7.471815189201386209e-01
-6.683386506399927596e-01,-7.438571422394986143e-01
-6.669850473706995242e-01,-7.450711016969493450e-01
-7.354975911991114002e-01,-6.775273377069774838e-01
-7.447351850091461500e-01,-6.673601008521508060e-01
-6.838322838540161763e-01,-7.296392310991784980e-01
-7.413969152906797477e-01,-6.710667731287734972e-01
-6.475445651908597888e-01,-7.620275822381893382e-01
-6.537037062598305415e-01,-7.567505959179425812e-01
-7.434488003012519330e-01,-6.687928538274234835e-01
-6.713196554602016697e-01,-7.411679433116329374e-01
-7.798881927707446149e-01,-6.259188499931774841e-01
-6.950734991153264541e-01,-7.189386836355213806e-01
-7.071067811865475727e-01,-7.071067811865475727e-01
-6.880574496978875132e-01,-7.256562174440726043e-01
-7.317859407382096837e-01,-6.815345456672711189e-01
-7.445095305298838895e-01,-6.676118325420632438e-01
-7.221784533675459361e-01,-6.917067886696349754e-01
-6.412775625690848580e-01,-7.673089910495336508e-01
-7.071067811865475727e-01,-7.071067811865475727e-01
-7.373373852889946178e-01,-6.755246703527477692e-01
-7.960207978018579711e-01,-6.052692702152435711e-01
-8.351708648212474717e-01,-5.499905695134504890e-01
-5.843926936152520346e-01,-8.114709974171043783e-01
-6.374876696259974551e-01,-7.704605577671157501e-01
-6.312713983703629461e-01,-7.755620037105520614e-01
-6.546550980500812633e-01,-7.559277099015740964e-01
-5.523229215119064284e-01,-8.336302479952083511e-01
-6.144439019621058540e-01,-7.889605131700712093e-01
-6.459422414659632405e-01,-7.633862853692927608e-01
-8.182450426479386252e-01,-5.748695940664048099e-01
-7.492037744733853755e-01,-6.623395687370887686e-01
-7.217570417990273324e-01,-6.921464964973217393e-01
-7.027285362735625762e-01,-7.114580833097733370e-01
-6.949528736040738730e-01,-7.190552854053992027e-01
-1.425617564353153233e-01,9.897859089732878868e-01
3.044193929895481210e-01,9.525381006405333473e-01
6.492623799281429520e-01,-7.605645022021759738e-01
8.574929257149128681e-01,-5.144957554235785047e-01
7.991505443130478836e-01,-6.011309404149475233e-01
8.713079436105368725e-01,-4.907366578942085056e-01
3.772968873161343106e-01,-9.260923597684823649e-01
3.230200637615737169e-01,-9.463921166236903826e-01
3.282607784651740412e-01,-9.445871380245646209e-01
2.041632993040806698e-01,-9.789368453670912462e-01
3.624559786136412332e-02,-9.993429124358026439e-01
1.942005681012050899e-01,-9.809618439823075686e-01
2.268078354780508621e-01,-9.739395288033859677e-01
2.877418662758366996e-01,-9.577080026772767374e-01
1.312741417447886860e-01,-9.913461049044219875e-01
2.141641960375685605e-01,-9.767976746161827206e-01
2.596010608716293189e-01,-9.657159464326581233e-01
2.324756517265958722e-01,-9.726022164041652207e-01
1.995256435778551274e-01,-9.798926051128473702e-01
1.856553543542258100e-01,-9.826149242707474807e-01
9.131988561491866108e-02,-9.958216097731954486e-01
2.057177733661065891e-02,-9.997883785967972559e-01
7.955921319438842565e-02,-9.968301417974327894e-01
-2.164979212555260824e-01,-9.762830788721250652e-01
-1.176604134284597591e-01,-9.930538893291964708e-01
-3.188472215482310301e-01,-9.478061243265805125e-01
-2.283693435284945561e-01,-9.735745697872169035e-01
-3.185294571172384015e-01,-9.479129627495329613e-01
-4.564102410994340664e-01,-8.897694599274333926e-01
-4.375708035196531620e-01,-8.991839588800308869e-01
-6.810400993857812502e-01,-7.322461218938650651e-01
-6.524180148058937867e-01,-7.578593101339697879e-01
-5.183999096917932814e-01,-8.551383125737850310e-01
-6.050832675333640553e-01,-7.961621941232497335e-01
-7.071067811865474617e-01,-7.071067811865474617e-01
-9.866248169228326592e-01,-1.630075784495524371e-01
-9.739765880119258812e-01,-2.266486399796986961e-01
-9.984939296855250834e-01,5.486230382656015481e-02
-7.663144700346257165e-01,6.424656667990520376e-01
-4.533152695023452972e-01,8.913502490244876730e-01
-1.201425249848671328e-01,9.927566538131388230e-01
-2.490410398085842469e-01,9.684929325973726799e-01
1.492371097643700392e-02,9.998886352242892794e-01
4.623069788311671147e-01,8.867199430056814657e-01
8.910394968545165550e-01,4.539257814282528503e-01
8.109498262279856151e-01,-5.851156973973608011e-01
8.167601462131774959e-01,-5.769773509920722576e-01
5.030687855549135223e-01,-8.642463751733671096e-01
4.168900226510952045e-01,-9.089569346311020537e-01
3.517163597666762009e-01,-9.361066190731043291e-01
7.468073748633090314e-02,-9.972074946812713447e-01
2.509621587854327096e-01,-9.679968981653583882e-01
1.602072531961596102e-01,-9.870833987173229795e-01
1.537070062814132887e-01,-9.881164689549535307e-01
1.814846872998295557e-01,-9.833937707122630822e-01
9.911119170873876338e-02,-9.950763647469844653e-01
-1.474610274322243342e-01,-9.890678669275595469e-01
1.023404762575419596e-01,-9.947494292128945537e-01
2.040391466172022245e-02,-9.997918184634625449e-01
1.255131250262293829e-02,-9.999212291748094117e-01
2.763550470232843392e-01,-9.610556112862348455e-01
1.381060190805512011e-01,-9.904174511253941438e-01
7.316247361963246210e-02,-9.973200351210520509e-01
6.651901052659971170e-02,-9.977851578564204127e-01
-1.668583036904580652e-01,-9.859808854585077054e-01
3.984032127144686471e-03,-9.999920637125125911e-01
-1.036852291829824801e-01,-9.946101614448106254e-01
-5.749635016577416685e-02,-9.983457165319109539e-01
-4.099039810644941606e-01,-9.121286785906246308e-01
-2.988900631665294405e-01,-9.542875510768795699e-01
-4.904536709409207385e-01,-8.714672665456660861e-01
-6.328096197362419462e-01,-7.743074229072538506e-01
-5.424548558075539262e-01,-8.400849536867124323e-01
-7.831788303699527276e-01,-6.217965259313956716e-01
-7.839539279448961562e-01,-6.208190065226486531e-01
-8.137334712056263353e-01,-5.812381937206485549e-01
-9.791338374673279610e-01,-2.032164568299137941e-01
-9.612698710691713888e-01,-2.756088441517410836e-01
-9.411201462816273233e-01,3.380722855586488773e-01
-7.879239810467062455e-01,6.157725230078959777e-01
-5.022604274948838654e-01,8.647164060966210375e-01
-1.091701643945652556e-01,9.940230757915350379e-01
-1.721138369147457992e-01,9.850770666006209986e-01
2.566429139977939866e-01,9.665062931480171704e-01
4.584046033010872323e-01,8.887436186394662707e-01
9.813511876645463206e-01,1.922234285132391196e-01
8.395701571518330297e-01,-5.432512781577661931e-01
8.957122715391505618e-01,-4.446341491767981657e-01
5.702977548214318571e-01,-8.214380505221522411e-01
4.285301721447984935e-01,-9.035274713928456158e-01
8.081586876935341335e-02,-9.967290481144084335e-01
5.980061953848955780e-02,-9.982103415126556412e-01
1.054004003937630274e-01,-9.944298645941976877e-01
1.289589597052336056e-01,-9.916499315341800180e-01
7.731886489904422899e-02,-9.970064157921569858e-01
2.282510213200993759e-02,-9.997394734192821542e-01
2.092374592607112171e-01,-9.778648606234514595e-01
-1.067554819764142057e-02,-9.999430147116783463e-01
-4.936938270447024935e-02,-9.987805885435396824e-01
3.837169769462191460e-01,-9.234507467121648716e-01
7.731886489904422899e-02,-9.970064157921569858e-01
1.194701084747447073e-01,-9.928377980219290633e-01
4.378267676127888669e-02,-9.990410788429159306e-01
-2.091592548249087205e-02,-9.997812381022214145e-01
9.997506602091835171e-02,-9.949899427502334470e-01
-5.781817355882441778e-02,-9.983271301564040634e-01
5.954328882037288745e-02,-9.982257243511877265e-01
-1.610498112696326090e-01,-9.869462793333869666e-01
-2.548915785392027455e-01,-9.669696392285506148e-01
-3.193673506055681455e-01,-9.476309911390509155e-01
-2.356924320972328402e-01,-9.718276994673960001e-01
-4.522786885853112837e-01,-8.918766662782198207e-01
-4.756050642577662191e-01,-8.796589241588843588e-01
-5.558765147136029983e-01,-8.312648798005709549e-01
-7.071067811865475727e-01,-7.071067811865475727e-01
-7.647550215258146489e-01,-6.443211598659868145e-01
-8.891043270014717947e-01,-4.577045943698403452e-01
-9.546157673486381778e-01,-2.978401194086700010e-01
-9.878950054504833655e-01,1.551240091217002681e-01
-9.372807155826361480e-01,3.485754727414157039e-01
-6.420218761973939259e-01,7.666863181797221038e-01
-7.669649888345744793e-02,9.970544855016799657e-01
4.090141700925182394e-02,9.991631869152481915e-01
-2.564346990240113366e-01,9.665615578619215498e-01
1.440225658032118494e-01,9.895744037410524330e-01
1.783042671648554511e-01,9.839754002569393032e-01
6.234873958744414635e-01,7.818334011704203279e-01
9.798420779594508856e-01,-1.997736275390355198e-01
9.378378076823954412e-01,-3.470738343371309043e-01
2.610619386117166152e-01,-9.653220520677502359e-01
1.433321885620860991e-01,-9.896746352827290316e-01
-1.538279504017565913e-02,-9.998816778083053913e-01
1.233745090929673216e-01,-9.923601818422931320e-01
6.833305241204688796e-02,-9.976625651732415889e-01
-3.911594826553753401e-02,-9.992346784370965684e-01
8.044023499673297328e-02,-9.967594336617388029e-01
8.337404299951511888e-02,-9.965183234411271185e-01
-3.201205460851699186e-02,-9.994874828429525238e-01
2.109235298605906597e-02,-9.997775315766559423e-01
-9.916515009886069099e-02,-9.950709889278605003e-01
2.007627412169029138e-02,-9.997984512977555749e-01
4.899768150847412518e-02,-9.987988922735118180e-01
1.313813367092373507e-01,-9.913319042401964598e-01
1.234473828416840155e-02,-9.999238008151898338e-01
1.298591791708470465e-02,-9.999156794129446801e-01
8.802902461464774675e-02,-9.961179101017076931e-01
-2.379438309124721485e-01,-9.712789163421065020e-01
-1.174607821672419700e-01,-9.930775219753288363e-01
-1.376894129300930136e-01,-9.904754542980690468e-01
-4.636359044584874300e-02,-9.989246305307369900e-01
-2.416867639480577146e-01,-9.703543209221650034e-01
-2.338384054812168433e-01,-9.722754754296756285e-01
-3.356504070886418556e-01,-9.419866263494557357e-01
-5.405521592085017479e-01,-8.413105034260695003e-01
-4.821177416294026852e-01,-8.761064337203354757e-01
-7.614023014038280301e-01,-6.482796737650766694e-01
-7.133917995792207201e-01,-7.007653960442973284e-01
-6.492623799281433961e-01,-7.605645022021754187e-01
-9.412532424885082794e-01,-3.377015450140397612e-01
-9.889933994765728320e-01,-1.479596424427014056e-01
-5.985256885262616455e-01,8.011036138816031160e-01
-7.071067811865474617e-01,7.071067811865476838e-01
-3.282607784626816461e-01,9.445871380254308169e-01
-7.408159079062683061e-02,9.972521837057717331e-01
-1.946479818873140533e-01,9.808731636390077835e-01
3.515413726759582247e-02,9.993819022940985120e-01
3.632082040682204083e-01,9.317080017352743493e-01
6.474105055199477210e-01,7.621414811846981552e-01
9.629640197144697655e-01,2.696299255189422150e-01
8.564192010092411822e-01,-5.162810786216096570e-01
4.712152328021734782e-01,-8.820182562595817455e-01
5.785974441967317583e-01,-8.156132647088384369e-01
1.331325987169949265e-01,-9.910982348681989240e-01
2.435066166519705422e-01,-9.698992358212836784e-01
4.485277423188489820e-02,-9.989936079093317822e-01
4.840135525608554867e-02,-9.988279675746841724e-01
2.787760720349167012e-02,-9.996113439815537127e-01
-6.370015422274630246e-02,-9.979690828637921562e-01
-1.011183816966455956e-01,-9.948744005566991788e-01
-8.826178722334043769e-02,-9.960973129750636534e-01
-9.757142403237116512e-02,-9.952285251198818017e-01
-1.349411537023211261e-01,-9.908536143333618318e-01
-9.392259459634261232e-02,-9.955795027140178499e-01
-1.694671854259846913e-02,-9.998563940539850758e-01
-7.882374723093746316e-02,-9.968885679314780646e-01
2.335335417439154126e-01,-9.723487465310699518e-01
1.947029925564149611e-01,-9.808622455215496583e-01
-2.616904533643833741e-02,-9.996575318908867969e-01
1.234473828416840155e-02,-9.999238008151898338e-01
-8.444307668679452983e-02,-9.964283048968791690e-01
-1.210543753118777377e-01,-9.926458775504238830e-01
-1.754189100914315125e-01,-9.844938831614619135e-01
-3.330299893728543292e-01,-9.429162349744100169e-01
-4.183410482972625410e-01,-9.082900237862064907e-01
-5.204864504680770665e-01,-8.538699285483368762e-01
-4.490644491679611217e-01,-8.934993679312122072e-01
-4.636638802918396363e-01,-8.860111771940094583e-01
-5.991037676993336003e-01,-8.006713904770564882e-01
-8.735274721218515559e-01,-4.867748508791387985e-01
-8.816123215375996081e-01,-4.719742731474717568e-01
-9.923889179694878049e-01,-1.231431504037042157e-01
-9.717846055402235006e-01,2.358700498898326225e-01
-3.732285123066211852e-01,9.277394448881572941e-01
-3.366978853977026787e-01,9.416127303561243611e-01
4.739283268876991369e-03,9.999887695339868543e-01
-9.842092169758563658e-02,9.951448749665535720e-01
-4.429146730229505113e-02,9.990186514396063311e-01
4.955110119043947825e-01,8.686016561586116236e-01
4.494880365288942414e-01,8.932863510752863112e-01
9.989099863779749011e-01,-4.667803674485430931e-02
8.961605376914691945e-01,-4.437299749673632165e-01
6.474105055248005058e-01,-7.621414811805760081e-01
4.147354791505082350e-01,-9.099420214133415730e-01
-1.467201871424917703e-01,-9.891780358888242475e-01
2.669437318755429334e-01,-9.637121167715794190e-01
1.914146686784405638e-01,-9.815092585476322684e-01
-1.932012235468966166e-01,-9.811591548877184321e-01
-1.289589597052337722e-01,-9.916499315341800180e-01
-1.551850653752118447e-01,-9.878854161715776572e-01
-1.626404509764007023e-01,-9.866854026011497858e-01
-2.081876001107674512e-01,-9.780889137292779756e-01
-2.772280721057506780e-01,-9.608041403098389610e-01
-1.381060190805513122e-01,-9.904174511253941438e-01
-1.490028015230415170e-01,-9.888367737590896267e-01
-1.815984554274449048e-01,-9.833727680723959308e-01
6.013195402622469043e-02,-9.981904367929939070e-01
1.379100299485437886e-01,-9.904447605190264126e-01
1.805060662458347898e-01,-9.835738711700583448e-01
2.540544915813248150e-01,-9.671899065371570847e-01
1.621448079567455736e-01,-9.867669741396243310e-01
-7.260480833614518792e-02,-9.973607881837303069e-01
-2.248595066971942613e-01,-9.743911956949808939e-01
-3.594656548534870821e-01,-9.331583161397394299e-01
-8.081586876369904748e-02,-9.967290481148668446e-01
-3.803470348160150616e-01,-9.248438425521711137e-01
-4.243217973617008365e-01,-9.055114644684162384e-01
-6.099428354302000033e-01,-7.924454161059725221e-01
-5.041435718671523070e-01,-8.636198578917863022e-01
-7.393005193317246926e-01,-6.733756322557582497e-01
-8.084563106869708804e-01,-5.885561941823499454e-01
-8.305439919224031353e-01,-5.569530298702027871e-01
-9.983526067032891804e-01,5.737658659024390262e-02
-9.914883496247508532e-01,1.301954398525071444e-01
-6.395487621322278882e-01,7.687505322633180205e-01
-3.382838359956621410e-01,9.410441255882001643e-01
-6.035488729032544020e-02,9.981769820929412562e-01
-2.088498516729185572e-01,9.779477181609453895e-01
-2.057177733650896942e-02,9.997883785967993653e-01
1.377471259875145126e-01,9.904674296927586941e-01
4.390889703082314632e-01,8.984435854040346836e-01
9.798420779594508856e-01,-1.997736275390355198e-01
8.963061895766153420e-01,-4.434356937895828632e-01
6.257398266368334738e-01,-7.800318386838486218e-01
1.783790481795242133e-01,-9.839618463998321962e-01
2.827666225095653019e-01,-9.591887390886805198e-01
3.802253884438556910e-03,-9.999927714065728335e-01
-1.096018687466776553e-01,-9.939755682949336091e-01
7.430383270178191057e-02,-9.972356494058089993e-01
-1.208783099314336695e-01,-9.926673330920687821e-01
-1.638336916784462194e-01,-9.864879733027726028e-01
-7.488793346694548603e-02,-9.971919561554085654e-01
-2.548915785392027455e-01,-9.669696392285506148e-01
-2.453740155256466660e-01,-9.694284875661637324e-01
2.057177733661065891e-02,-9.997883785967972559e-01
-2.710868851118321543e-01,-9.625548819264097000e-01
-1.917754052449119617e-01,-9.814388386156061017e-01
-1.235105346414728245e-01,-9.923432610909278528e-01
4.455777006517003258e-01,-8.952432701126233905e-01
1.021653041820018565e-01,-9.947674354447872958e-01
1.039120216442267347e-01,-9.945864928490683043e-01
7.748653358315193973e-02,-9.969933987310383161e-01
-1.978064974681952859e-01,-9.802410874674478691e-01
-1.224398007510952083e-02,-9.999250396664343121e-01
-3.807498052535223665e-01,-9.246780984750340160e-01
-3.142423852567846621e-01,-9.493427849349920233e-01
-3.013289132984679486e-01,-9.535202598845838873e-01
-3.819889769337652674e-01,-9.241668796819626497e-01
-6.154344949920537156e-01,-7.881880374465700667e-01
-5.532962892839422553e-01,-8.329845234244271923e-01
-2.520908467232186867e-01,-9.677035728973881756e-01
-7.245580616897794313e-01,-6.892137659974225672e-01
-6.168816632261300281e-01,-7.870559151517531049e-01
-9.921289789786690294e-01,-1.252201623970496391e-01
-9.017157212737247907e-01,4.323294554015560953e-01
-6.190449610661311608e-01,7.853555476207143560e-01
-4.388352984999787099e-01,8.985675159888846242e-01
-3.740394190521319495e-01,9.274128061414418367e-01
-4.449031567689933075e-02,9.990098156729841916e-01
-3.379710629235304492e-02,9.994287146196388916e-01
2.971946670636077537e-01,9.548169090820245453e-01
6.682678175652716490e-01,7.439207780446442930e-01
9.899494936604876782e-01,1.414213562420616743e-01
7.784130394797628139e-01,-6.277524511842842436e-01
6.567807448093780920e-01,-7.540815958817975728e-01
2.801763685961128902e-01,-9.599485415793364007e-01
1.481068233905697140e-01,-9.889713690826213988e-01
4.405243599419503275e-03,-9.999902968673395343e-01
4.936938270447024935e-02,-9.987805885435396824e-01
-5.183334335874306004e-02,-9.986557487524190257e-01
-2.636822106115888631e-01,-9.646096059064441786e-01
-1.686517362842067380e-01,-9.856757031845324590e-01
-2.451172122358561967e-01,-9.694934513784619901e-01
-2.173488635109585565e-01,-9.760939870373624982e-01
-4.271322938264075497e-01,-9.041891414801394022e-01
-3.017088914326189197e-01,-9.534000969322899977e-01
-2.966548423982879878e-01,-9.549847666228226117e-01
-2.767140175293715809e-01,-9.609523154156790481e-01
1.052147955770097315e-01,-9.944495194788360859e-01
2.174202383063978949e-01,-9.760780911252895375e-01
-1.793118929247739524e-01,-9.837922773917948671e-01
2.472497647954516320e-01,-9.689517809512472324e-01
2.002781540714818065e-01,-9.797390780211431283e-01
1.212702588915040014e-01,-9.926195264593516976e-01
-2.701716134866547631e-02,-9.996349698728331790e-01
-2.889443934320298779e-01,-9.573458818547225802e-01
-2.911616157817931150e-01,-9.566738804291332610e-01
-1.637182071665797822e-01,-9.865071457633547425e-01
-3.162277660168377191e-01,-9.486832980505137680e-01
-6.113407526291220195e-01,-7.913674773295013010e-01
-3.325817977069667752e-01,-9.430744126706026575e-01
-5.482934693025346418e-01,-8.362859986393352818e-01
-4.620214457621917847e-01,-8.868687522152385316e-01
-8.011036138776443938e-01,-5.985256885315598518e-01
-6.500370741891738913e-01,-7.599024951792029414e-01
-9.876128343543810750e-01,1.569104503164331643e-01
-8.150583747754888142e-01,5.793788447193586322e-01
-4.274837578495895851e-01,9.040230288962739502e-01
-3.917930604992780896e-01,9.200533667916275249e-01
-1.882127372836022716e-01,9.821282836392676296e-01
3.860975083425324805e-03,9.999925464079245652e-01
1.400688355134816765e-01,9.901417682927516895e-01
7.447351850053007816e-01,6.673601008564420400e-01
9.786777911956783260e-01,2.054015117284882785e-01
8.564192010092411822e-01,-5.162810786216096570e-01
7.717519862657119534e-01,-6.359236366851983568e-01
3.557445802180448369e-01,-9.345832192188595622e-01
2.963992148752943034e-01,-9.550641368103551798e-01
-2.202109044817286351e-02,-9.997575063861603439e-01
-9.125116301700038346e-02,-9.958279094542614729e-01
-7.840953517720072874e-02,-9.969212329935075445e-01
-3.322933537404451076e-01,-9.431760848642883888e-01
-2.248595066971942613e-01,-9.743911956949808939e-01
-1.751171623058014326e-01,-9.845476014220763128e-01
-3.878318149245705837e-01,-9.217301575473777486e-01
-3.589790793073293629e-01,-9.333456062036517009e-01
-3.589790793075362529e-01,-9.333456062035720979e-01
-3.393277952730778257e-01,-9.406681919545872850e-01
-2.415384342623294878e-01,-9.703912534509482324e-01
2.229434968574174336e-01,-9.748313686012503032e-01
1.783042671648555066e-01,-9.839754002569393032e-01
3.777674139348611848e-01,-9.259005243377753658e-01
1.012730381837609744e-01,-9.948586692274588028e-01
-3.818629277071688422e-01,-9.242189699648614143e-01
-1.015136880142803177e-01,-9.948341425311756359e-01
-2.386165500946391405e-01,-9.711138666608220005e-01
-2.494943206633719324e-01,-9.683762615619625480e-01
-4.175001715498657950e-01,-9.086768439637011863e-01
-1.850332701433410054e-01,-9.827322569958011345e-01
-2.046973106863137493e-01,-9.788253220047951064e-01
-4.182542726142978728e-01,-9.083299859852059788e-01
-4.396818764965095827e-01,-8.981535767787756086e-01
-4.320491083964703716e-01,-9.018500806308192841e-01
-5.837264794784671196e-01,-8.119503661897534696e-01
-7.369730999285811768e-01,-6.759220738973225062e-01
-9.681186103879856342e-01,-2.504922278643305078e-01
-9.999421948610510702e-01,-1.075206661362866113e-02
-9.507634915272272780e-01,3.099173812146647777e-01
-7.231710471209287228e-01,6.906689775905817674e-01
-6.963948633375187658e-01,7.176588286345528811e-01
-1.929570646229080977e-01,9.812072009581416232e-01
-7.085968204352377509e-02,9.974862933698340761e-01
3.406487770514577407e-01,9.401906246572266923e-01
4.228854653364160221e-01,9.061831399927957609e-01
8.930383488821426186e-01,4.499805633867496879e-01
9.887792700575548377e-01,-1.493839184934211972e-01
7.071067811865476838e-01,-7.071067811865474617e-01
3.125483512544939835e-01,-9.499018518394927169e-01
-1.492371097055814923e-02,-9.998886352243769871e-01
1.447057900382642814e-01,-9.894747264732949299e-01
9.757142403237104022e-02,-9.952285251198818017e-01
-2.190383423076487923e-01,-9.757162520933621019e-01
-1.112737604678882691e-01,-9.937897917725533325e-01
-2.399291844906328297e-01,-9.707903926335798017e-01
-1.869293439904400334e-01,-9.823733609760108010e-01
-4.703557148940762933e-01,-8.824769127101753652e-01
-5.581766923156902260e-01,-8.297221102004666005e-01
-6.836855572739540809e-01,-7.297767184385940409e-01
-6.112643592732611708e-01,-7.914264862147650792e-01
-8.406753935430906211e-01,-5.415393639350417621e-01
-8.253072612497333038e-01,-5.646839155921340447e-01
-7.139714063245009568e-01,-7.001748574113573209e-01
-7.106334322286914640e-01,-7.035624528063374461e-01
-6.913113193547021362e-01,-7.225570287057353491e-01
-7.639152729062747005e-01,-6.453165547392473167e-01
-6.709133239697313567e-01,-7.415357791232235485e-01
-7.194551241192858049e-01,-6.945389293470187742e-01
-6.603084097428782995e-01,-7.509945432710087854e-01
-6.442517570573247365e-01,-7.648134893740758944e-01
-7.673589635925197605e-01,-6.412177640975132986e-01
-8.405710350926346441e-01,-5.417013337285562224e-01
-7.685315065158220271e-01,-6.398119438495354361e-01
-7.460022258161995712e-01,-6.659434503599206412e-01
-6.564212414505586901e-01,-7.543945610703375326e-01
-7.161711233126084597e-01,-6.979247252628011378e-01
-6.687771518794880521e-01,-7.434629251845448206e-01
-6.269021269344111635e-01,-7.790980190227103641e-01
-8.105769469413268702e-01,-5.856321482699504699e-01
-7.264684169539525893e-01,-6.871998538768894216e-01
-7.595527418800041008e-01,-6.504457181829763623e-01
-8.053639907115027752e-01,-5.927806023017643255e-01
-2.678232517907216392e-01,9.634680616399505793e-01
-4.791538074062812180e-02,9.988513985015391450e-01
2.014569076202943343e-01,9.794973784406307837e-01
5.699795718490768826e-01,8.216588633214778614e-01
9.732735590314106622e-01,2.296488173066242588e-01
9.999509888008917269e-01,-9.900504841612240911e-03
8.231099408710664811e-01,-5.678820522249575786e-01
9.180919170282642039e-02,-9.957766176803277691e-01
2.673836547621172843e-01,-9.635901520698790801e-01
-3.731838521779293899e-02,-9.993034264550164636e-01
-1.214569797502837167e-01,-9.925966965842366596e-01
-2.624916931231967010e-01,-9.649342521857732224e-01
-2.631174057903274965e-01,-9.647638212382180223e-01
-2.202608714353058994e-01,-9.754410020675569060e-01
-4.489229607195556748e-01,-8.935704646746043256e-01
-5.338152438553757095e-01,-8.456011384971201528e-01
-3.689736164037129007e-01,-9.294398691674280455e-01
-6.174479343577279344e-01,-7.866117519827522386e-01
-7.569684641740405118e-01,-6.534514092463142854e-01
-9.955280725342917636e-01,-9.446616746834902989e-02
-7.513612110223423235e-01,6.598911505476028339e-01
-5.658424969147426431e-01,-8.245133526422051551e-01
5.521990568307972858e-01,-8.337123014776608443e-01
-1.687173426579045843e-01,-9.856644755120554935e-01
2.976904425379354180e-01,-9.546624536565624375e-01
3.111771761727401553e-01,-9.503519164126305041e-01
-5.440156883800215670e-01,-8.390750447942135759e-01
-1.395603023628261552e-01,-9.902135739346318299e-01
1.515149937733919761e-01,-9.884549593491090969e-01
-3.008250296829510506e-01,-9.536793494231967649e-01
-4.005309859996319388e-01,-9.162832145434961495e-01
-5.558765147136029983e-01,-8.312648798005709549e-01
-1.293391840642926782e-01,-9.916004111866749682e-01
-1.379100299429395771e-01,-9.904447605198068993e-01
1.363298397711658894e-01,-9.906635022993268702e-01
1.778419979040674337e-01,-9.840590550274357362e-01
-5.251073270456030340e-01,-8.510360128002940616e-01
-6.827449030023033938e-01,-7.306568260300968509e-01
-1.414213562351498144e-01,-9.899494936614751106e-01
-9.899494936614751106e-01,1.414213562351493980e-01
-9.506656990648412187e-01,-3.102172281185505143e-01
-1.792072702581086752e-01,9.838113407999712345e-01
3.826981693918916905e-02,9.992674422352811892e-01
-1.548655729680114834e-01,9.879355516982316621e-01
5.443129174672292070e-01,8.388822610344750519e-01
9.952569790008688466e-01,9.728075734730011470e-02
9.677035728973881756e-01,-2.520908467232186867e-01
5.368754921991146789e-01,-8.436614877283176162e-01
6.451478639976931766e-03,-9.999791889951300528e-01
-1.414213562382598821e-01,-9.899494936610307994e-01
3.109606579156281789e-02,-9.995164004118626266e-01
-4.675731516883212951e-02,-9.989062786258792181e-01
-3.853049982943783092e-01,-9.227892816290017564e-01
-3.073273188155263846e-01,-9.516038666954121927e-01
-3.387194682713199900e-01,-9.408874118692386324e-01
-1.812605873908387788e-01,-9.834351018032294611e-01
-4.640069946695069003e-01,-8.858315352807057952e-01
-7.218332944043673871e-01,-6.920669729797384040e-01
-6.554056849436371568e-01,-7.552770274168029152e-01
-9.825702456978542276e-01,-1.858916681006935467e-01
-9.416127303553479821e-01,3.366978853998743304e-01
-4.635684074037050295e-01,8.860611331376591071e-01
-1.961161351416656484e-01,9.805806756902238908e-01
8.882176431471562328e-01,4.594229188907656414e-01
7.583167199730994623e-01,-6.518863031305689448e-01
9.302319017931450773e-01,-3.669722181396138372e-01
-8.875722379766912140e-02,-9.960532893493854179e-01
-4.936055194568442217e-01,-8.696859152370693957e-01
-5.872202195034385147e-02,-9.982743731750621796e-01
-1.820892601844984193e-01,-9.832820049840546028e-01
-6.659162652317681674e-01,-7.460264926259477791e-01
-4.808326112081987569e-01,-8.768124086705806342e-01
-5.432512781569230897e-01,-8.395701571523784823e-01
-5.484600326746169596e-01,-8.361767711187378938e-01
-8.164156395074150252e-01,-5.774647206260297150e-01
-4.651279277762134789e-01,-8.852434754363376346e-01
1.223612421044888293e-01,-9.924856303396268897e-01
-3.830150226981823836e-01,-9.237421135725657484e-01
-4.138029442937011804e-01,9.103664774660060743e-01
-9.053574602292827067e-02,9.958932064694846487e-01
-9.006946442225112204e-01,4.344527107394819399e-01
-7.961621941177017270e-01,6.050832675406639938e-01
-7.795138299944628923e-02,9.969571615112022833e-01
-2.544630302922996565e-02,9.996761904047453129e-01
5.872202195034363637e-02,9.982743731750621796e-01
5.336840449493208682e-01,8.456839481547058224e-01
9.873644507941489179e-01,1.584658995114364421e-01
9.754410020693639050e-01,-2.202608714273038282e-01
6.746456706330750119e-01,-7.381417337449823757e-01
6.211060319130889268e-03,-9.999807111788268088e-01
1.325109021212967919e-01,-9.911815478604310004e-01
-1.408311025194549163e-02,-9.999008280852814678e-01
-2.173204472897078410e-01,-9.761003141018864682e-01
-3.622765220076710202e-01,-9.320706634166883164e-01
-3.432569478305748101e-01,-9.392415385650477733e-01
-2.019754886082610057e-01,-9.793905768392170419e-01
-3.972230057809619796e-01,-9.177221168078808500e-01
-5.943910610840413833e-01,-8.041761414661512397e-01
-4.209371083777963540e-01,-9.070898250948135066e-01
-5.608481451683341446e-01,-8.279186904891321364e-01
-9.858865646412399153e-01,-1.674146996529714271e-01
-8.471103381032485391e-01,5.314170443997822124e-01
-1.716093991947776620e-01,9.851650694721202361e-01
3.080025139224888964e-01,9.513855429937050356e-01
7.876695412195444668e-01,6.160979579863841149e-01
6.794080314931013609e-01,7.337606740229875024e-01
6.699645207184342643e-01,7.423931175452254116e-01
2.607315316048715026e-01,-9.654113467465451626e-01
-2.853336048021711813e-01,-9.584282622974963362e-01
-4.503713039224894188e-01,-8.928413569067893407e-01
-6.514222843928996198e-01,-7.587153665218177023e-01
-8.052126986477027293e-01,-5.929860959048565139e-01
-6.706024789113445017e-01,-7.418169014507283165e-01
-6.868193101423414326e-01,-7.268282019952158057e-01
-4.228854653319183421e-01,-9.061831399948947485e-01
-8.872168012332003473e-01,-4.613527366446718569e-01
-3.344098451634483493e-01,-9.424277454838426715e-01
7.071067811865475727e-01,7.071067811865475727e-01
-3.162277660331004880e-01,-9.486832980450929931e-01
-9.857364255094733796e-01,-1.682964628974904508e-01
-9.296815004613704359e-01,3.683643681192504404e-01
-5.169862830276267252e-01,8.559936817297651990e-01
-7.356406111336758480e-01,6.773720478812746970e-01
-3.000018937174144251e-01,9.539386058683048120e-01
-7.091108816563877759e-02,9.974826402374956658e-01
5.519212704320020091e-02,9.984757528915998437e-01
5.925175374419066054e-01,8.055575509073071849e-01
9.183708738206440847e-01,3.957207830249841463e-01
9.997296931967402100e-01,2.324952775330309945e-02
6.031082748760938639e-01,-7.976593312786995904e-01
3.008250296829510506e-01,-9.536793494231967649e-01
-1.614885681076181911e-01,-9.868745828982278256e-01
-3.191724482822851372e-01,-9.476966541343764261e-01
-2.214174794556508508e-01,-9.751791116464227915e-01
-3.030529456298586277e-01,-9.529737205952041323e-01
-4.583383273328534568e-01,-8.887777999577409771e-01
-2.077232434808074790e-01,-9.781876374795447360e-01
-6.161982228081935853e-01,-7.875911059731590669e-01
-6.841291796751777232e-01,-7.293608609714180568e-01
-6.947042206530962272e-01,-7.192955204968080052e-01
-9.278774352336111031e-01,-3.728853244421072022e-01
-8.705628387211497010e-01,-4.920572566661054470e-01
-6.544466084750740764e-01,7.561082175558423435e-01
-1.840175404101029588e-01,9.829229597590117828e-01
3.608031123781832994e-01,9.326420074702919116e-01
5.411783232356021101e-01,8.409078561054726952e-01
4.571601908536099268e-01,8.893843712921264411e-01
9.989495574739818418e-01,4.582337419413735902e-02
4.920572566768828260e-01,-8.705628387150580183e-01
-2.101530423722792473e-01,-9.776685014777121152e-01
-3.794102645781113892e-01,-9.252285399471675831e-01
-2.768714953412526047e-01,-9.609069544276901409e-01
-6.911028549621970329e-01,-7.227564208383766564e-01
-7.186963274291855441e-01,-6.953240891410286117e-01
-7.197306234860342267e-01,-6.942534332766417959e-01
-3.520642981299208496e-01,-9.359758169858269916e-01
-9.754410020666597347e-01,-2.202608714392789158e-01
-4.594229188617684478e-01,-8.882176431621549018e-01
-2.048631541086959607e-01,-9.787906252557982967e-01
3.701166051809402086e-02,-9.993148337664627956e-01
-5.232630333301477865e-01,8.521712257229367982e-01
-7.970921481464009473e-01,6.038576880055066542e-01
-6.801977599084029213e-01,7.330286538844104083e-01
-3.898242870602005583e-01,9.208892578470042611e-01
-9.701315409004504509e-02,9.952830993910732893e-01
-1.052937699493837892e-01,9.944411606575052076e-01
2.845354298453714459e-01,9.586655251769042874e-01
4.792881845899606419e-01,8.776575847746430625e-01
9.934473830506914682e-01,1.142904069015978907e-01
9.791338374673278500e-01,-2.032164568299137386e-01
5.446844207951644368e-01,-8.386410923291536257e-01
2.306065341996396401e-01,-9.730470833338078496e-01
-4.630788411715261454e-02,-9.989272144999316039e-01
-2.908261582536937340e-01,-9.567759119435425008e-01
-1.535361678043302980e-01,-9.881430287038210913e-01
-2.432789578247312734e-01,-9.699563643173401140e-01
-5.466532741180260002e-01,-8.373590615118714497e-01
-2.674249252945323785e-01,-9.635786990854530165e-01
-3.864439498179910171e-01,-9.223128935719535626e-01
-3.796737157047794242e-01,-9.251204622117740195e-01
-4.426676528249322562e-01,-8.966857583024641087e-01
-5.462677805451460200e-01,-8.376105968397726809e-01
-9.880552015693284673e-01,-1.541003525362402982e-01
-6.239560087988116344e-01,7.814594673326681340e-01
-4.492780490657245496e-01,8.933919826300751321e-01
-3.266230211195512989e-02,9.994664446697284488e-01
6.139406135137996934e-01,7.893522173771979622e-01
3.781250834230953650e-01,9.257545145913559370e-01
6.422198626108015507e-01,-7.665204811798334017e-01
4.696129729828257271e-01,-8.828723891968939252e-01
-2.404397240503823030e-01,-9.706640711897066565e-01
-2.075042083546510263e-01,-9.782341251025286066e-01
-5.878255864844744716e-01,-8.089876883328841473e-01
-6.157725230029628127e-01,-7.879239810505614949e-01
-5.778520414088587076e-01,-8.161415430178852182e-01
-6.129176223429753101e-01,-7.901468143461909399e-01
-3.563958468186961825e-01,-9.343350578729155975e-01
3.162277660168385518e-01,-9.486832980505135460e-01
-7.384854939347982317e-01,-6.742693640140244860e-01
1.028991511065689840e-01,-9.946917938243722279e-01
-7.970921481464006142e-01,-6.038576880055073204e-01
-8.387796617178436831e-01,5.444710084921875470e-01
-6.526427812249564475e-01,7.576657575177548898e-01
-5.294870763459548213e-01,8.483180040424775914e-01
-5.737914390404285081e-01,8.190014557275916429e-01
-2.004787516443072570e-01,9.796980504926710021e-01
-3.165833142987521664e-02,9.994987493994559324e-01
1.010838517734193726e-01,9.948779095500357439e-01
5.929860959012801525e-01,8.052126986503366224e-01
7.990858323723950551e-01,6.012169595925554999e-01
9.981525800950085126e-01,-6.075711357263077761e-02
6.412177640979207505e-01,-7.673589635921791441e-01
8.496298596691428950e-02,-9.963841081709331471e-01
-1.361607392916670822e-01,-9.906867583023135637e-01
-2.416035803263087145e-01,-9.703750357328392306e-01
-2.154739469557254983e-01,-9.765095893965001217e-01
-2.451172122358561967e-01,-9.694934513784619901e-01
-2.241911472497508384e-01,-9.745451910993355726e-01
-2.562632580353284006e-01,-9.666070259320065361e-01
-3.137816638122396529e-01,-9.494951645244027461e-01
-4.412542068458633615e-01,-8.973821510041460892e-01
-4.938898900143351978e-01,-8.695244542516488151e-01
-9.037378388953980490e-01,-4.280863447351197504e-01
-7.983161958283309101e-01,6.022385337041976650e-01
-7.744838513046329309e-01,6.325936800730332932e-01
-2.463987790877288087e-01,9.691685310946061005e-01
1.171991320687079952e-01,9.931084348863125078e-01
6.901742139586082569e-02,9.976154547438939035e-01
6.902779206135746248e-01,7.235443264330110313e-01
9.966575212326004296e-01,-8.169323944175924113e-02
1.339178959954237247e-01,-9.909924304111302762e-01
-2.248595066921900421e-01,-9.743911956961356369e-01
-8.601678599237607692e-01,-5.100110319926201008e-01
-4.587908442721793656e-01,-8.885442933315258474e-01
-6.829527731659212897e-01,-7.304625312943693327e-01
-3.367717479306009398e-01,-9.415863156374820742e-01
2.911616157926277260e-01,-9.566738804258357876e-01
-3.528038948660914276e-01,-9.356972863951866781e-01
2.927142721037251927e-01,-9.561999555044886634e-01
-7.071067811865475727e-01,-7.071067811865475727e-01
-4.989644448777031394e-01,-8.666224568679751217e-01
-8.837879163404852578e-01,4.678877204314550453e-01
-6.723346973078921929e-01,7.402472930014029062e-01
-8.041761414664501117e-01,5.943910610836371511e-01
-4.989644448647939656e-01,8.666224568754078428e-01
-1.532483606396162212e-01,9.881877048219483983e-01
-2.145428820237502837e-02,9.997698302698123651e-01
-1.467201871424916870e-01,9.891780358888242475e-01
1.868918972865118988e-01,9.823804857226388076e-01
6.791343971672366697e-01,7.340139444072532049e-01
8.821692656672510680e-01,4.709324651286032615e-01
8.868074520974220665e-01,-4.621390947587949993e-01
3.162277660199148133e-01,-9.486832980494881440e-01
2.219117443627059982e-01,-9.750667555167189526e-01
4.090141700953840720e-02,-9.991631869152364231e-01
-2.147844730115762990e-01,-9.766614716231718507e-01
-1.283415331912377833e-01,-9.917300292207161805e-01
-3.706724860754297413e-01,-9.287636448885476792e-01
-2.070333135498659827e-01,-9.783338934538468035e-01
-5.382820185392533929e-01,-8.427647765048718043e-01
-2.255604491864419969e-01,-9.742291741488808832e-01
-4.351104561946543270e-01,-9.003770826215423684e-01
-1.082706534208795063e-01,-9.941214541532717996e-01
-9.741278446359886711e-01,-2.259976599543525866e-01
-9.849345660964762272e-01,-1.729274429011950220e-01
-8.353647788613048908e-01,5.496959943805331816e-01
-4.734924889826066519e-01,8.807978558540298097e-01
-1.201984169566120142e-01,9.927498882201519770e-01
1.634174199196312682e-01,9.865570165311332573e-01
-9.861604624800074381e-02,9.951255576169332207e-01
9.984018457329356666e-01,5.651331203413472587e-02
1.620101493801288373e-01,-9.867890916998568462e-01
-1.180498627005517331e-01,-9.930076686090499871e-01
-4.159263542195221763e-01,-9.093982999025546077e-01
-4.673702000814398683e-01,-8.840617037717644067e-01
-6.380178647498757627e-01,-7.700215609059328781e-01
-4.546720424116561521e-01,-8.906589323917506462e-01
4.499941500985384785e-02,-9.989870132533110736e-01
-4.516141612525783611e-01,-8.922133429601522003e-01
-3.972230057789645774e-01,-9.177221168087454917e-01
-7.332681568434408215e-01,-6.799395636079893501e-01
-9.920614219384363830e-01,-1.257542647447301709e-01
-9.866854025998724742e-01,1.626404509841496704e-01
-7.778241797352642983e-01,6.284819372258547698e-01
-6.454112187264874345e-01,7.638352955591869442e-01
-3.042327796285564379e-01,9.525977198164407023e-01
-2.374530904719204805e-01,9.713990064980166927e-01
-8.157772458037655661e-02,9.966669829247321033e-01
5.965452686772462071e-02,9.982190828791984716e-01
1.545197168909536733e-01,9.879897049524045682e-01
3.753494635809000446e-01,9.268833692485427544e-01
9.278774352336114362e-01,3.728853244421068136e-01
9.936711780231948232e-01,-1.123280462128506824e-01
6.526427812301244247e-01,-7.576657575133034506e-01
6.854072423549462112e-02,-9.976483193597200927e-01
-2.500154973101619271e-01,-9.682418350312861355e-01
-9.500401844876327218e-02,-9.954768889726105519e-01
-1.898962773908617618e-01,-9.818041575757829875e-01
-4.057581514543225909e-01,-9.139804825751864925e-01
-2.085793603056079748e-01,-9.780054450024823209e-01
-2.199147110265170513e-01,-9.755191027725308439e-01
-3.079426551545881297e-01,-9.514049196511139561e-01
-2.586481347727568325e-01,-9.659716053686950854e-01
-5.459379702848708993e-01,-8.378255979625087724e-01
-7.990858323690945841e-01,-6.012169595969423241e-01
-9.993536627254818727e-01,3.594797347784437630e-02
-7.122120444965412966e-01,7.019643891780099620e-01
-3.766500829314151644e-01,9.263556093789026002e-01
-2.192053565959473649e-01,9.756787440749354889e-01
-7.911630099472766187e-02,9.968653925766064461e-01
-8.496298596612988918e-02,9.963841081710000935e-01
-6.742693640140244860e-01,-7.384854939347982317e-01
3.665245183931410966e-01,-9.304083928128958902e-01
-4.087343461880339479e-01,-9.126534031308053407e-01
-4.187133089093873495e-01,-9.081184751683846201e-01
-5.024630942649519483e-01,-8.645986577029195486e-01
-4.128707954390178209e-02,-9.991473250040434628e-01
-3.398386654755450320e-01,-9.404837486356691922e-01
2.670449819359407839e-01,-9.636840652531477591e-01
3.468958702613645362e-01,-9.379036492068952846e-01
-1.630075784495524371e-01,-9.866248169228326592e-01
-7.221464083598720940e-01,-6.917402438003277254e-01
-9.994570299140368430e-01,-3.294913284764706268e-02
-9.539937168992060901e-01,2.998265967469150306e-01
-6.042694348547804628e-01,7.967800512690338399e-01
-4.338156187702505440e-01,9.010016697603755453e-01
-7.369072480836209860e-02,9.972811424454079976e-01
1.104315260776171370e-01,9.938837346733110367e-01
-3.026442669812152153e-01,9.531035870583024483e-01
5.476998721884680787e-02,9.984989977461405930e-01
5.206200188790044425e-02,9.986438544142872686e-01
5.651495746203795134e-01,8.249884594989217446e-01
6.835556467042180895e-01,7.298984024224043354e-01
9.924856303396268897e-01,1.223612421044887183e-01
3.502306902899189334e-01,-9.366634740284511818e-01
1.910479274503634750e-02,-9.998174867915489150e-01
-1.824078773076245608e-01,-9.832229484181735923e-01
-2.765780309396135284e-01,-9.609914634384461030e-01
-1.414213562379519062e-01,-9.899494936610747642e-01
-2.943691976004619848e-01,-9.556917785060515813e-01
-3.626677875569694343e-01,-9.319184920734927546e-01
-1.636815666192438512e-01,-9.865132258358577655e-01
-1.246027037994243136e-01,-9.922067154609834905e-01
-3.190003301201942976e-01,-9.477546039894542140e-01
-4.660247734795815444e-01,-8.847716713951147005e-01
-8.613659033845961766e-01,-5.079850199429490898e-01
-9.994664446697201221e-01,-3.266230211221102936e-02
-8.518146790819126624e-01,5.238432518421689554e-01
-6.553113468511362338e-01,7.553588807236927272e-01
-1.191452206149408583e-01,9.928768384873408737e-01
-1.359800207256805504e-01,9.907115796050046663e-01
1.408311025757756109e-02,9.999008280852021979e-01
4.579565896766326638e-01,-8.889745564254065702e-01
4.499941500985384785e-02,-9.989870132533110736e-01
-3.928035420485544993e-01,-9.196224102065529982e-01
-1.894862646984472598e-01,-9.818833716336323736e-01
-1.414213562364904087e-01,-9.899494936612835971e-01
-1.566620830253623031e-01,-9.876522625611479089e-01
3.524549899490435068e-01,-9.358287664204490985e-01
4.398255405632077453e-02,-9.990322992469676811e-01
-2.889066340388394272e-01,-9.573572775136501845e-01
-6.869158027831575586e-01,-7.267370087499124276e-01
-9.280406596278597542e-01,-3.724789042046363075e-01
-9.467132382179318517e-01,3.220776996051067376e-01
-6.105868608123450336e-01,7.919492947173613073e-01
-4.399666466916056784e-01,8.980141144764618444e-01
-4.455777006497432802e-01,8.952432701135975002e-01
-9.318877197255144573e-02,9.956484584321154685e-01
-4.975062808434994009e-03,9.999876242984471197e-01
-7.810171304240218215e-02,9.969453959068381721e-01
9.271631179138070666e-02,9.956925657690749443e-01
7.408159079062683061e-02,9.972521837057717331e-01
5.466898938648886430e-01,8.373351538935869254e-01
8.897368987930541762e-01,4.564737132914867268e-01
9.006366473168508913e-01,-4.345729277231408783e-01
4.631521418455256112e-01,-8.862787899436057604e-01
9.311881330710032600e-02,-9.956550038081852794e-01
-2.641568686112361619e-01,-9.644797295773023249e-01
-2.359433803820419340e-01,-9.717668039472716623e-01
-2.488358450443921288e-01,-9.685456737919195813e-01
-1.907451344927330317e-01,-9.816395945902698372e-01
-1.016922921445577721e-01,-9.948159014201500838e-01
-1.318850452425177622e-01,-9.912650174607087195e-01
-2.192053565959474482e-01,-9.756787440749354889e-01
-6.425221279517246975e-01,-7.662671303745107743e-01
-5.337673281570992634e-01,-8.456313850561788525e-01
-9.305324168566677656e-01,-3.662095317968780961e-01
-9.570703888109588497e-01,2.898556034670368153e-01
-8.850291685326153734e-01,4.655355742007988851e-01
-7.113535532899118996e-01,7.028343490622925849e-01
-5.415393639350415400e-01,8.406753935430907321e-01
-5.426347074084639788e-01,8.399687936558898338e-01
-9.821551918896823663e-01,1.880722708007246669e-01
4.544703416892862946e-01,-8.907618697075124770e-01
1.433321885620860991e-01,-9.896746352827290316e-01
1.485910020878415394e-01,-9.888987380407212591e-01
-5.925642158436595502e-02,-9.982427943646856594e-01
2.104873042852924980e-01,-9.775965909999434489e-01
-1.774868306835283849e-02,-9.998424797183500523e-01
1.391294337288061234e-01,-9.902742047889067090e-01
-1.473113030852772898e-01,-9.890901778823392165e-01
-1.672032229292956251e-01,-9.859224524484957453e-01
-7.288480720941208357e-01,-6.846754616639062485e-01
-8.931918083966043920e-01,-4.496758759520053661e-01
-9.607141828396750238e-01,2.775396528258537443e-01
-5.466898938648878659e-01,8.373351538935873695e-01
-6.196442885767702302e-01,7.848827655352028643e-01
-5.746304214719791803e-01,8.184130245291405537e-01
-8.357752654338218568e-02,9.965012780006307080e-01
-3.907627717582150967e-02,9.992362306091980839e-01
